Time,Lat,Long,Bearing,Distance,BearingError,DistanceError,,,,
2019-06-10T00:00:00,50.734118,-1.510871,197.2391053,16090.10084,6,20112.63,,,,
2019-06-10T00:00:01,50.734119,-1.510847,197.2421551,16086.2175,6,20112.63,,,,
2019-06-10T00:00:02,50.734120,-1.510823,197.2452022,16082.33419,7,20072.40,,,,
2019-06-10T00:00:03,50.734122,-1.510799,197.2482466,16078.4509,8,20112.55,,,,
2019-06-10T00:00:04,50.734123,-1.510775,197.2512884,16074.56764,5,20092.43,,,,
2019-06-10T00:00:05,50.734124,-1.510751,197.2543276,16070.6844,3,20072.34,,,,
2019-06-10T00:00:06,50.734125,-1.510727,197.2573641,16066.80119,2,20112.49,,,,
2019-06-10T00:00:07,50.734126,-1.510702,197.260398,16062.91801,2,20092.37,,,,
2019-06-10T00:00:08,50.734128,-1.510678,197.2634292,16059.03485,2,20092.37,,,,
2019-06-10T00:00:09,50.734129,-1.510654,197.2664578,16055.15171,3,20132.56,,,,
2019-06-10T00:00:10,50.734130,-1.510630,197.2694837,16051.26861,3,20031.89,,,,
2019-06-10T00:00:11,50.734131,-1.510606,197.272507,16047.38552,4,19951.77,,,,
2019-06-10T00:00:12,50.734132,-1.510582,197.2755277,16043.50247,3,19852.01,,,,
2019-06-10T00:00:13,50.734134,-1.510558,197.2785457,16039.61944,3,19852.01,,,,
2019-06-10T00:00:14,50.734135,-1.510534,197.281561,16035.73643,0,19792.45,,,,
2019-06-10T00:00:15,50.734136,-1.510510,197.2845737,16031.85345,1,19733.07,,,,
2019-06-10T00:00:16,50.734137,-1.510486,197.2875838,16027.9705,1,19713.34,,,,
2019-06-10T00:00:17,50.734138,-1.510462,197.2905912,16024.08757,1,19614.78,,,,
2019-06-10T00:00:18,50.734140,-1.510438,197.293596,16020.20467,2,19673.62,,,,
2019-06-10T00:00:19,50.734141,-1.510413,197.2965982,16016.3218,1,19712.97,,,,
2019-06-10T00:00:20,50.734142,-1.510389,197.2995976,16012.43895,0,19634.11,,,,
2019-06-10T00:00:21,50.734143,-1.510365,197.3025945,16008.55613,1,19535.94,,,,
2019-06-10T00:00:22,50.734144,-1.510341,197.3055887,16004.67333,2,19575.02,,,,
2019-06-10T00:00:23,50.734146,-1.510317,197.3085803,16000.79056,1,19477.14,,,,
2019-06-10T00:00:24,50.734147,-1.510293,197.3115692,15996.90781,2,19535.57,,,,
2019-06-10T00:00:25,50.734148,-1.510269,197.3145555,15993.02509,1,19437.89,,,,
2019-06-10T00:00:26,50.734149,-1.510245,197.3175391,15989.1424,2,19418.46,,,,
2019-06-10T00:00:27,50.734150,-1.510221,197.3205201,15985.25973,1,19321.36,,,,
2019-06-10T00:00:28,50.734152,-1.510197,197.3234985,15981.37709,1,19224.76,,,,
2019-06-10T00:00:29,50.734153,-1.510173,197.3264742,15977.49448,2,19224.76,,,,
2019-06-10T00:00:30,50.734154,-1.510149,197.3294473,15973.61189,3,19263.21,,,,
2019-06-10T00:00:31,50.734155,-1.510124,197.3324177,15969.72933,0,19282.47,,,,
2019-06-10T00:00:32,50.734156,-1.510100,197.3353855,15965.84679,1,19263.19,,,,
2019-06-10T00:00:33,50.734158,-1.510076,197.3383506,15961.96429,1,19166.87,,,,
2019-06-10T00:00:34,50.734159,-1.510052,197.3413131,15958.0818,0,19071.04,,,,
2019-06-10T00:00:35,50.734160,-1.510028,197.344273,15954.19935,1,19128.25,,,,
2019-06-10T00:00:36,50.734161,-1.510004,197.3472302,15950.31691,1,19204.76,,,,
2019-06-10T00:00:37,50.734162,-1.509980,197.3501848,15946.43451,0,19108.74,,,,
2019-06-10T00:00:38,50.734164,-1.509956,197.3531368,15942.55213,0,19108.74,,,,
2019-06-10T00:00:39,50.734165,-1.509932,197.3560861,15938.66978,1,19185.17,,,,
2019-06-10T00:00:40,50.734166,-1.509908,197.3590327,15934.78746,2,19127.62,,,,
2019-06-10T00:00:41,50.734167,-1.509884,197.3619768,15930.90516,0,19204.13,,,,
2019-06-10T00:00:42,50.734168,-1.509860,197.3649181,15927.02289,0,19261.74,,,,
2019-06-10T00:00:43,50.734170,-1.509836,197.3678569,15923.14064,0,19300.27,,,,
2019-06-10T00:00:44,50.734171,-1.509811,197.370793,15919.25842,1,19242.36,,,,
2019-06-10T00:00:45,50.734172,-1.509787,197.3737265,15915.37623,0,19184.64,,,,
2019-06-10T00:00:46,50.734173,-1.509763,197.3766573,15911.49406,0,19127.08,,,,
2019-06-10T00:00:47,50.734174,-1.509739,197.3795855,15907.61192,0,19146.21,,,,
2019-06-10T00:00:48,50.734176,-1.509715,197.3825111,15903.72981,0,19127.06,,,,
2019-06-10T00:00:49,50.734177,-1.509691,197.385434,15899.84772,0,19127.06,,,,
2019-06-10T00:00:50,50.734178,-1.509667,197.3883543,15895.96566,0,19107.94,,,,
2019-06-10T00:00:51,50.734179,-1.509643,197.3912719,15892.08363,1,19107.94,,,,
2019-06-10T00:00:52,50.734180,-1.509619,197.3941869,15888.20162,1,19165.26,,,,
2019-06-10T00:00:53,50.734182,-1.509595,197.3970993,15884.31964,2,19088.60,,,,
2019-06-10T00:00:54,50.734183,-1.509571,197.400009,15880.43768,2,19088.60,,,,
2019-06-10T00:00:55,50.734184,-1.509547,197.4029161,15876.55576,0,19012.25,,,,
2019-06-10T00:00:56,50.734185,-1.509522,197.4058206,15872.67386,1,19012.25,,,,
2019-06-10T00:00:57,50.734186,-1.509498,197.4087224,15868.79198,2,18993.23,,,,
2019-06-10T00:00:58,50.734188,-1.509474,197.4116216,15864.91014,2,18936.25,,,,
2019-06-10T00:00:59,50.734189,-1.509450,197.4145181,15861.02831,2,18860.51,,,,
2019-06-10T00:01:00,50.734190,-1.509426,197.417412,15857.14652,0,18785.07,,,,
2019-06-10T00:01:01,50.734191,-1.509402,197.4203033,15853.26475,1,18803.85,,,,
2019-06-10T00:01:02,50.734192,-1.509378,197.4231919,15849.38301,0,18860.26,,,,
2019-06-10T00:01:03,50.734194,-1.509354,197.4260779,15845.5013,1,18784.82,,,,
2019-06-10T00:01:04,50.734195,-1.509330,197.4289613,15841.61962,2,18859.96,,,,
2019-06-10T00:01:05,50.734196,-1.509306,197.431842,15837.73796,2,18859.96,,,,
2019-06-10T00:01:06,50.734197,-1.509282,197.4347201,15833.85632,2,18878.82,,,,
2019-06-10T00:01:07,50.734198,-1.509258,197.4375956,15829.97472,3,18822.19,,,,
2019-06-10T00:01:08,50.734200,-1.509234,197.4404684,15826.09314,1,18822.19,,,,
2019-06-10T00:01:09,50.734201,-1.509209,197.4433386,15822.21159,0,18841.01,,,,
2019-06-10T00:01:10,50.734202,-1.509185,197.4462062,15818.33006,1,18878.69,,,,
2019-06-10T00:01:11,50.734203,-1.509161,197.4490711,15814.44856,0,18822.05,,,,
2019-06-10T00:01:12,50.734204,-1.509137,197.4519334,15810.56709,1,18897.34,,,,
2019-06-10T00:01:13,50.734206,-1.509113,197.454793,15806.68565,0,18840.65,,,,
2019-06-10T00:01:14,50.734207,-1.509089,197.4576501,15802.80423,1,18746.45,,,,
2019-06-10T00:01:15,50.734208,-1.509065,197.4605044,15798.92284,1,18746.45,,,,
2019-06-10T00:01:16,50.734209,-1.509041,197.4633562,15795.04148,2,18802.69,,,,
2019-06-10T00:01:17,50.734210,-1.509017,197.4662053,15791.16015,3,18840.29,,,,
2019-06-10T00:01:18,50.734212,-1.508993,197.4690518,15787.27884,2,18802.61,,,,
2019-06-10T00:01:19,50.734213,-1.508969,197.4718957,15783.39756,0,18840.22,,,,
2019-06-10T00:01:20,50.734214,-1.508945,197.4747369,15779.5163,0,18877.90,,,,
2019-06-10T00:01:21,50.734215,-1.508920,197.4775755,15775.63508,0,18859.02,,,,
2019-06-10T00:01:22,50.734216,-1.508896,197.4804114,15771.75388,0,18840.16,,,,
2019-06-10T00:01:23,50.734218,-1.508872,197.4832447,15767.8727,0,18840.16,,,,
2019-06-10T00:01:24,50.734219,-1.508848,197.4860754,15763.99156,1,18915.52,,,,
2019-06-10T00:01:25,50.734220,-1.508824,197.4889035,15760.11044,2,18953.35,,,,
2019-06-10T00:01:26,50.734221,-1.508800,197.4917289,15756.22935,0,18953.35,,,,
2019-06-10T00:01:27,50.734222,-1.508776,197.4945517,15752.34829,1,18953.35,,,,
2019-06-10T00:01:28,50.734224,-1.508752,197.4973718,15748.46725,2,18896.49,,,,
2019-06-10T00:01:29,50.734225,-1.508728,197.5001894,15744.58624,1,18972.08,,,,
2019-06-10T00:01:30,50.734226,-1.508704,197.5030043,15740.70526,2,19010.02,,,,
2019-06-10T00:01:31,50.734227,-1.508680,197.5058165,15736.82431,3,19086.06,,,,
2019-06-10T00:01:32,50.734228,-1.508656,197.5086262,15732.94338,0,19047.89,,,,
2019-06-10T00:01:33,50.734229,-1.508631,197.5114332,15729.06248,1,19124.08,,,,
2019-06-10T00:01:34,50.734231,-1.508607,197.5142375,15725.18161,0,19181.45,,,,
2019-06-10T00:01:35,50.734232,-1.508583,197.5170393,15721.30077,1,19143.09,,,,
2019-06-10T00:01:36,50.734233,-1.508559,197.5198384,15717.41995,0,19085.66,,,,
2019-06-10T00:01:37,50.734234,-1.508535,197.5226349,15713.53916,0,18990.23,,,,
2019-06-10T00:01:38,50.734235,-1.508511,197.5254287,15709.6584,0,19028.21,,,,
2019-06-10T00:01:39,50.734237,-1.508487,197.5282199,15705.77767,0,19047.24,,,,
2019-06-10T00:01:40,50.734238,-1.508463,197.5310085,15701.89696,0,18971.05,,,,
2019-06-10T00:01:41,50.734239,-1.508439,197.5337945,15698.01628,0,19008.99,,,,
2019-06-10T00:01:42,50.734240,-1.508415,197.5365778,15694.13563,1,19028.00,,,,
2019-06-10T00:01:43,50.734241,-1.508391,197.5393585,15690.25501,0,18932.86,,,,
2019-06-10T00:01:44,50.734243,-1.508367,197.5421366,15686.37441,0,18895.00,,,,
2019-06-10T00:01:45,50.734244,-1.508343,197.544912,15682.49385,1,18800.52,,,,
2019-06-10T00:01:46,50.734245,-1.508318,197.5476848,15678.6133,1,18838.12,,,,
2019-06-10T00:01:47,50.734246,-1.508294,197.550455,15674.73279,1,18819.29,,,,
2019-06-10T00:01:48,50.734247,-1.508270,197.5532225,15670.85231,0,18838.10,,,,
2019-06-10T00:01:49,50.734249,-1.508246,197.5559875,15666.97185,0,18819.27,,,,
2019-06-10T00:01:50,50.734250,-1.508222,197.5587498,15663.09142,1,18800.45,,,,
2019-06-10T00:01:51,50.734251,-1.508198,197.5615094,15659.21102,1,18706.45,,,,
2019-06-10T00:01:52,50.734252,-1.508174,197.5642665,15655.33065,0,18781.27,,,,
2019-06-10T00:01:53,50.734253,-1.508150,197.5670209,15651.4503,1,18762.49,,,,
2019-06-10T00:01:54,50.734255,-1.508126,197.5697726,15647.56998,2,18687.44,,,,
2019-06-10T00:01:55,50.734256,-1.508102,197.5725218,15643.68969,0,18612.69,,,,
2019-06-10T00:01:56,50.734257,-1.508078,197.5752683,15639.80943,1,18556.85,,,,
2019-06-10T00:01:57,50.734258,-1.508054,197.5780122,15635.9292,1,18593.97,,,,
2019-06-10T00:01:58,50.734259,-1.508029,197.5807535,15632.04899,0,18501.00,,,,
2019-06-10T00:01:59,50.734261,-1.508005,197.5834921,15628.16881,1,18556.50,,,,
2019-06-10T00:02:00,50.734262,-1.507981,197.5862281,15624.28866,1,18556.50,,,,
2019-06-10T00:02:01,50.734263,-1.507957,197.5889615,15620.40854,0,18537.94,,,,
2019-06-10T00:02:02,50.734264,-1.507933,197.5916922,15616.52845,0,18575.02,,,,
2019-06-10T00:02:03,50.734265,-1.507909,197.5944204,15612.64838,1,18556.44,,,,
2019-06-10T00:02:04,50.734267,-1.507885,197.5971459,15608.76834,1,18519.33,,,,
2019-06-10T00:02:05,50.734268,-1.507861,197.5998687,15604.88833,2,18593.41,,,,
2019-06-10T00:02:06,50.734269,-1.507837,197.602589,15601.00835,2,18667.78,,,,
2019-06-10T00:02:07,50.734270,-1.507813,197.6053066,15597.1284,1,18742.45,,,,
2019-06-10T00:02:08,50.734271,-1.507789,197.6080216,15593.24847,0,18686.22,,,,
2019-06-10T00:02:09,50.734273,-1.507765,197.610734,15589.36857,0,18592.79,,,,
2019-06-10T00:02:10,50.734274,-1.507740,197.6134437,15585.4887,0,18518.42,,,,
2019-06-10T00:02:11,50.734275,-1.507716,197.6161508,15581.60886,0,18462.87,,,,
2019-06-10T00:02:12,50.734276,-1.507692,197.6188553,15577.72905,0,18407.48,,,,
2019-06-10T00:02:13,50.734277,-1.507668,197.6215572,15573.84927,1,18462.70,,,,
2019-06-10T00:02:14,50.734279,-1.507644,197.6242564,15569.96951,0,18388.85,,,,
2019-06-10T00:02:15,50.734280,-1.507620,197.626953,15566.08978,1,18425.63,,,,
2019-06-10T00:02:16,50.734281,-1.507596,197.629647,15562.21008,0,18499.33,,,,
2019-06-10T00:02:17,50.734282,-1.507572,197.6323384,15558.33041,0,18425.33,,,,
2019-06-10T00:02:18,50.734283,-1.507548,197.6350271,15554.45077,0,18425.33,,,,
2019-06-10T00:02:19,50.734285,-1.507524,197.6377132,15550.57116,1,18351.63,,,,
2019-06-10T00:02:20,50.734286,-1.507500,197.6403967,15546.69157,1,18406.69,,,,
2019-06-10T00:02:21,50.734287,-1.507476,197.6430775,15542.81201,0,18314.65,,,,
2019-06-10T00:02:22,50.734288,-1.507452,197.6457558,15538.93249,0,18223.08,,,,
2019-06-10T00:02:23,50.734289,-1.507427,197.6484314,15535.05299,1,18241.30,,,,
2019-06-10T00:02:24,50.734291,-1.507403,197.6511043,15531.17351,1,18277.79,,,,
2019-06-10T00:02:25,50.734292,-1.507379,197.6537747,15527.29407,0,18259.51,,,,
2019-06-10T00:02:26,50.734293,-1.507355,197.6564424,15523.41466,0,18168.21,,,,
2019-06-10T00:02:27,50.734294,-1.507331,197.6591075,15519.53527,0,18222.72,,,,
2019-06-10T00:02:28,50.734295,-1.507307,197.66177,15515.65591,0,18186.27,,,,
2019-06-10T00:02:29,50.734297,-1.507283,197.6644299,15511.77658,1,18259.01,,,,
2019-06-10T00:02:30,50.734298,-1.507259,197.6670871,15507.89728,0,18295.53,,,,
2019-06-10T00:02:31,50.734299,-1.507235,197.6697417,15504.01801,0,18204.06,,,,
2019-06-10T00:02:32,50.734300,-1.507211,197.6723937,15500.13877,1,18276.87,,,,
2019-06-10T00:02:33,50.734301,-1.507187,197.6750431,15496.25955,2,18331.70,,,,
2019-06-10T00:02:34,50.734303,-1.507163,197.6776898,15492.38037,0,18313.37,,,,
2019-06-10T00:02:35,50.734304,-1.507138,197.6803339,15488.50121,0,18386.62,,,,
2019-06-10T00:02:36,50.734305,-1.507114,197.6829754,15484.62208,1,18349.85,,,,
2019-06-10T00:02:37,50.734306,-1.507090,197.6856143,15480.74299,2,18258.10,,,,
2019-06-10T00:02:38,50.734307,-1.507066,197.6882505,15476.86391,1,18312.88,,,,
2019-06-10T00:02:39,50.734309,-1.507042,197.6908841,15472.98487,0,18331.19,,,,
2019-06-10T00:02:40,50.734310,-1.507018,197.6935151,15469.10586,1,18312.86,,,,
2019-06-10T00:02:41,50.734311,-1.506994,197.6961435,15465.22688,2,18257.92,,,,
2019-06-10T00:02:42,50.734312,-1.506970,197.6987692,15461.34792,1,18166.63,,,,
2019-06-10T00:02:43,50.734313,-1.506946,197.7013923,15457.469,2,18184.80,,,,
2019-06-10T00:02:44,50.734315,-1.506922,197.7040129,15453.5901,0,18112.06,,,,
2019-06-10T00:02:45,50.734316,-1.506898,197.7066307,15449.71123,1,18166.39,,,,
2019-06-10T00:02:46,50.734317,-1.506874,197.709246,15445.83239,1,18202.73,,,,
2019-06-10T00:02:47,50.734318,-1.506850,197.7118586,15441.95358,1,18111.71,,,,
2019-06-10T00:02:48,50.734319,-1.506825,197.7144686,15438.0748,0,18184.16,,,,
2019-06-10T00:02:49,50.734321,-1.506801,197.717076,15434.19605,0,18238.71,,,,
2019-06-10T00:02:50,50.734322,-1.506777,197.7196808,15430.31733,1,18202.23,,,,
2019-06-10T00:02:51,50.734323,-1.506753,197.7222829,15426.43863,2,18220.44,,,,
2019-06-10T00:02:52,50.734324,-1.506729,197.7248824,15422.55997,1,18147.55,,,,
2019-06-10T00:02:53,50.734325,-1.506705,197.7274793,15418.68133,2,18129.41,,,,
2019-06-10T00:02:54,50.734327,-1.506681,197.7300736,15414.80273,2,18056.89,,,,
2019-06-10T00:02:55,50.734328,-1.506657,197.7326653,15410.92415,3,18129.12,,,,
2019-06-10T00:02:56,50.734329,-1.506633,197.7352543,15407.0456,1,18201.63,,,,
2019-06-10T00:02:57,50.734330,-1.506609,197.7378407,15403.16709,1,18110.62,,,,
2019-06-10T00:02:58,50.734331,-1.506585,197.7404245,15399.2886,2,18056.29,,,,
2019-06-10T00:02:59,50.734333,-1.506561,197.7430057,15395.41014,1,18056.29,,,,
2019-06-10T00:03:00,50.734334,-1.506536,197.7455842,15391.53171,1,18056.29,,,,
2019-06-10T00:03:01,50.734335,-1.506512,197.7481602,15387.6533,0,18110.46,,,,
2019-06-10T00:03:02,50.734336,-1.506488,197.7507335,15383.77493,0,18092.35,,,,
2019-06-10T00:03:03,50.734337,-1.506464,197.7533041,15379.89659,0,18146.63,,,,
2019-06-10T00:03:04,50.734339,-1.506440,197.7558722,15376.01828,1,18164.78,,,,
2019-06-10T00:03:05,50.734340,-1.506416,197.7584376,15372.13999,1,18182.94,,,,
2019-06-10T00:03:06,50.734341,-1.506392,197.7610005,15368.26174,0,18146.57,,,,
2019-06-10T00:03:07,50.734342,-1.506368,197.7635607,15364.38351,0,18164.72,,,,
2019-06-10T00:03:08,50.734343,-1.506344,197.7661182,15360.50532,0,18128.39,,,,
2019-06-10T00:03:09,50.734345,-1.506320,197.7686732,15356.62715,1,18128.39,,,,
2019-06-10T00:03:10,50.734346,-1.506296,197.7712255,15352.74902,0,18074.01,,,,
2019-06-10T00:03:11,50.734347,-1.506272,197.7737752,15348.87091,1,18001.71,,,,
2019-06-10T00:03:12,50.734348,-1.506247,197.7763223,15344.99283,2,18073.72,,,,
2019-06-10T00:03:13,50.734349,-1.506223,197.7788668,15341.11478,3,18091.79,,,,
2019-06-10T00:03:14,50.734351,-1.506199,197.7814087,15337.23677,2,18055.61,,,,
2019-06-10T00:03:15,50.734352,-1.506175,197.7839479,15333.35878,2,18001.44,,,,
2019-06-10T00:03:16,50.734353,-1.506151,197.7864845,15329.48082,2,17911.43,,,,
2019-06-10T00:03:17,50.734354,-1.506127,197.7890185,15325.60289,2,17911.43,,,,
2019-06-10T00:03:18,50.734355,-1.506103,197.7915499,15321.72499,2,17947.26,,,,
2019-06-10T00:03:19,50.734357,-1.506079,197.7940786,15317.84712,3,18019.04,,,,
2019-06-10T00:03:20,50.734358,-1.506055,197.7966047,15313.96928,1,18091.12,,,,
2019-06-10T00:03:21,50.734359,-1.506031,197.7991282,15310.09147,1,18145.39,,,,
2019-06-10T00:03:22,50.734360,-1.506007,197.8016491,15306.21369,2,18109.10,,,,
2019-06-10T00:03:23,50.734361,-1.505983,197.8041674,15302.33594,0,18109.10,,,,
2019-06-10T00:03:24,50.734363,-1.505959,197.8066831,15298.45822,0,18145.32,,,,
2019-06-10T00:03:25,50.734364,-1.505934,197.8091961,15294.58053,1,18199.76,,,,
2019-06-10T00:03:26,50.734365,-1.505910,197.8117065,15290.70287,0,18145.16,,,,
2019-06-10T00:03:27,50.734366,-1.505886,197.8142143,15286.82524,0,18072.58,,,,
2019-06-10T00:03:28,50.734367,-1.505862,197.8167195,15282.94764,1,18072.58,,,,
2019-06-10T00:03:29,50.734369,-1.505838,197.819222,15279.07007,0,18072.58,,,,
2019-06-10T00:03:30,50.734370,-1.505814,197.8217219,15275.19253,1,18090.65,,,,
2019-06-10T00:03:31,50.734371,-1.505790,197.8242193,15271.31501,0,18072.56,,,,
2019-06-10T00:03:32,50.734372,-1.505766,197.826714,15267.43753,1,18054.49,,,,
2019-06-10T00:03:33,50.734373,-1.505742,197.829206,15263.56008,0,18000.32,,,,
2019-06-10T00:03:34,50.734375,-1.505718,197.8316955,15259.68266,0,17928.32,,,,
2019-06-10T00:03:35,50.734376,-1.505694,197.8341823,15255.80527,1,17856.61,,,,
2019-06-10T00:03:36,50.734377,-1.505670,197.8366665,15251.92791,0,17767.33,,,,
2019-06-10T00:03:37,50.734378,-1.505645,197.8391481,15248.05058,0,17714.02,,,,
2019-06-10T00:03:38,50.734379,-1.505621,197.8416271,15244.17328,1,17767.17,,,,
2019-06-10T00:03:39,50.734381,-1.505597,197.8441035,15240.29601,0,17678.33,,,,
2019-06-10T00:03:40,50.734382,-1.505573,197.8465772,15236.41877,1,17749.04,,,,
2019-06-10T00:03:41,50.734383,-1.505549,197.8490483,15232.54156,0,17695.80,,,,
2019-06-10T00:03:42,50.734384,-1.505525,197.8515168,15228.66438,0,17731.19,,,,
2019-06-10T00:03:43,50.734385,-1.505501,197.8539827,15224.78723,0,17784.38,,,,
2019-06-10T00:03:44,50.734387,-1.505477,197.856446,15220.91012,1,17784.38,,,,
2019-06-10T00:03:45,50.734388,-1.505453,197.8589066,15217.03303,2,17766.60,,,,
2019-06-10T00:03:46,50.734389,-1.505429,197.8613647,15213.15597,1,17748.83,,,,
2019-06-10T00:03:47,50.734390,-1.505405,197.8638201,15209.27894,0,17819.83,,,,
2019-06-10T00:03:48,50.734391,-1.505381,197.8662729,15205.40194,1,17855.47,,,,
2019-06-10T00:03:49,50.734393,-1.505356,197.868723,15201.52498,2,17801.90,,,,
2019-06-10T00:03:50,50.734394,-1.505332,197.8711706,15197.64804,2,17784.10,,,,
2019-06-10T00:03:51,50.734395,-1.505308,197.8736155,15193.77114,0,17855.23,,,,
2019-06-10T00:03:52,50.734396,-1.505284,197.8760578,15189.89426,1,17765.96,,,,
2019-06-10T00:03:53,50.734397,-1.505260,197.8784975,15186.01742,1,17677.13,,,,
2019-06-10T00:03:54,50.734399,-1.505236,197.8809346,15182.1406,2,17694.80,,,,
2019-06-10T00:03:55,50.734400,-1.505212,197.8833691,15178.26382,2,17712.50,,,,
2019-06-10T00:03:56,50.734401,-1.505188,197.8858009,15174.38707,2,17783.35,,,,
2019-06-10T00:03:57,50.734402,-1.505164,197.8882302,15170.51034,0,17730.00,,,,
2019-06-10T00:03:58,50.734403,-1.505140,197.8906568,15166.63365,1,17659.08,,,,
2019-06-10T00:03:59,50.734405,-1.505116,197.8930808,15162.75699,0,17676.74,,,,
2019-06-10T00:04:00,50.734406,-1.505092,197.8955021,15158.88036,0,17676.74,,,,
2019-06-10T00:04:01,50.734407,-1.505068,197.8979209,15155.00376,0,17606.03,,,,
2019-06-10T00:04:02,50.734408,-1.505043,197.900337,15151.12719,0,17641.24,,,,
2019-06-10T00:04:03,50.734409,-1.505019,197.9027505,15147.25065,1,17605.96,,,,
2019-06-10T00:04:04,50.734411,-1.504995,197.9051614,15143.37415,0,17535.54,,,,
2019-06-10T00:04:05,50.734412,-1.504971,197.9075697,15139.49767,0,17482.93,,,,
2019-06-10T00:04:06,50.734413,-1.504947,197.9099754,15135.62122,0,17395.52,,,,
2019-06-10T00:04:07,50.734414,-1.504923,197.9123784,15131.74481,1,17412.91,,,,
2019-06-10T00:04:08,50.734415,-1.504899,197.9147789,15127.86843,2,17430.32,,,,
2019-06-10T00:04:09,50.734417,-1.504875,197.9171767,15123.99207,3,17412.89,,,,
2019-06-10T00:04:10,50.734418,-1.504851,197.9195719,15120.11575,0,17395.48,,,,
2019-06-10T00:04:11,50.734419,-1.504827,197.9219644,15116.23946,0,17412.88,,,,
2019-06-10T00:04:12,50.734420,-1.504803,197.9243544,15112.3632,0,17430.29,,,,
2019-06-10T00:04:13,50.734421,-1.504779,197.9267417,15108.48697,1,17343.14,,,,
2019-06-10T00:04:14,50.734423,-1.504754,197.9291265,15104.61077,0,17377.82,,,,
2019-06-10T00:04:15,50.734424,-1.504730,197.9315086,15100.73461,0,17290.94,,,,
2019-06-10T00:04:16,50.734425,-1.504706,197.9338881,15096.85847,1,17290.94,,,,
2019-06-10T00:04:17,50.734426,-1.504682,197.9362649,15092.98236,1,17239.06,,,,
2019-06-10T00:04:18,50.734427,-1.504658,197.9386392,15089.10629,2,17152.87,,,,
2019-06-10T00:04:19,50.734429,-1.504634,197.9410108,15085.23025,3,17101.41,,,,
2019-06-10T00:04:20,50.734430,-1.504610,197.9433798,15081.35424,2,17169.81,,,,
2019-06-10T00:04:21,50.734431,-1.504586,197.9457462,15077.47826,0,17169.81,,,,
2019-06-10T00:04:22,50.734432,-1.504562,197.94811,15073.60231,1,17083.97,,,,
2019-06-10T00:04:23,50.734433,-1.504538,197.9504712,15069.72639,2,17083.97,,,,
2019-06-10T00:04:24,50.734435,-1.504514,197.9528297,15065.8505,0,17118.13,,,,
2019-06-10T00:04:25,50.734436,-1.504490,197.9551857,15061.97465,0,17032.54,,,,
2019-06-10T00:04:26,50.734437,-1.504465,197.957539,15058.09883,0,17049.58,,,,
2019-06-10T00:04:27,50.734438,-1.504441,197.9598897,15054.22303,0,17083.67,,,,
2019-06-10T00:04:28,50.734439,-1.504417,197.9622378,15050.34727,0,17100.76,,,,
2019-06-10T00:04:29,50.734441,-1.504393,197.9645832,15046.47154,0,17134.96,,,,
2019-06-10T00:04:30,50.734442,-1.504369,197.9669261,15042.59584,0,17117.82,,,,
2019-06-10T00:04:31,50.734443,-1.504345,197.9692663,15038.72018,0,17083.59,,,,
2019-06-10T00:04:32,50.734444,-1.504321,197.9716039,15034.84454,1,17117.76,,,,
2019-06-10T00:04:33,50.734445,-1.504297,197.9739389,15030.96894,2,17151.99,,,,
2019-06-10T00:04:34,50.734446,-1.504273,197.9762713,15027.09337,0,17186.30,,,,
2019-06-10T00:04:35,50.734448,-1.504249,197.9786011,15023.21782,0,17237.85,,,,
2019-06-10T00:04:36,50.734449,-1.504225,197.9809282,15019.34232,0,17237.85,,,,
2019-06-10T00:04:37,50.734450,-1.504201,197.9832527,15015.46684,0,17168.90,,,,
2019-06-10T00:04:38,50.734451,-1.504177,197.9855746,15011.59139,0,17134.57,,,,
2019-06-10T00:04:39,50.734452,-1.504152,197.9878939,15007.71598,1,17048.89,,,,
2019-06-10T00:04:40,50.734454,-1.504128,197.9902106,15003.84059,0,17117.09,,,,
2019-06-10T00:04:41,50.734455,-1.504104,197.9925247,14999.96524,0,17151.32,,,,
2019-06-10T00:04:42,50.734456,-1.504080,197.9948361,14996.08992,0,17134.17,,,,
2019-06-10T00:04:43,50.734457,-1.504056,197.9971449,14992.21464,1,17048.50,,,,
2019-06-10T00:04:44,50.734458,-1.504032,197.9994511,14988.33938,2,17099.65,,,,
2019-06-10T00:04:45,50.734460,-1.504008,198.0017547,14984.46416,1,17048.35,,,,
2019-06-10T00:04:46,50.734461,-1.503984,198.0040557,14980.58897,1,17014.25,,,,
2019-06-10T00:04:47,50.734462,-1.503960,198.006354,14976.7138,2,16946.19,,,,
2019-06-10T00:04:48,50.734463,-1.503936,198.0086498,14972.83868,1,16912.30,,,,
2019-06-10T00:04:49,50.734464,-1.503912,198.0109429,14968.96358,0,16878.48,,,,
2019-06-10T00:04:50,50.734466,-1.503888,198.0132334,14965.08852,0,16895.35,,,,
2019-06-10T00:04:51,50.734467,-1.503863,198.0155213,14961.21348,1,16878.46,,,,
2019-06-10T00:04:52,50.734468,-1.503839,198.0178066,14957.33848,0,16794.07,,,,
2019-06-10T00:04:53,50.734469,-1.503815,198.0200892,14953.46351,1,16726.89,,,,
2019-06-10T00:04:54,50.734470,-1.503791,198.0223693,14949.58858,2,16710.16,,,,
2019-06-10T00:04:55,50.734472,-1.503767,198.0246467,14945.71367,1,16760.29,,,,
2019-06-10T00:04:56,50.734473,-1.503743,198.0269215,14941.8388,0,16743.53,,,,
2019-06-10T00:04:57,50.734474,-1.503719,198.0291937,14937.96396,1,16810.51,,,,
2019-06-10T00:04:58,50.734475,-1.503695,198.0314632,14934.08915,0,16860.94,,,,
2019-06-10T00:04:59,50.734476,-1.503671,198.0337302,14930.21437,1,16877.80,,,,
2019-06-10T00:05:00,50.734478,-1.503647,198.0359945,14926.33963,1,16860.92,,,,
2019-06-10T00:05:01,50.734479,-1.503623,198.0382562,14922.46492,0,16860.92,,,,
2019-06-10T00:05:02,50.734480,-1.503599,198.0405153,14918.59024,0,16793.48,,,,
2019-06-10T00:05:03,50.734481,-1.503575,198.0427718,14914.71559,1,16776.69,,,,
2019-06-10T00:05:04,50.734482,-1.503550,198.0450257,14910.84098,0,16827.02,,,,
2019-06-10T00:05:05,50.734484,-1.503526,198.0472769,14906.96639,1,16742.88,,,,
2019-06-10T00:05:06,50.734485,-1.503502,198.0495256,14903.09184,2,16776.37,,,,
2019-06-10T00:05:07,50.734486,-1.503478,198.0517716,14899.21732,3,16692.48,,,,
2019-06-10T00:05:08,50.734487,-1.503454,198.054015,14895.34284,4,16692.48,,,,
2019-06-10T00:05:09,50.734488,-1.503430,198.0562558,14891.46838,4,16759.25,,,,
2019-06-10T00:05:10,50.734490,-1.503406,198.0584939,14887.59396,5,16725.74,,,,
2019-06-10T00:05:11,50.734491,-1.503382,198.0607295,14883.71958,3,16792.64,,,,
2019-06-10T00:05:12,50.734492,-1.503358,198.0629624,14879.84522,1,16792.64,,,,
2019-06-10T00:05:13,50.734493,-1.503334,198.0651927,14875.9709,0,16843.02,,,,
2019-06-10T00:05:14,50.734494,-1.503310,198.0674204,14872.0966,0,16758.80,,,,
2019-06-10T00:05:15,50.734496,-1.503286,198.0696455,14868.22235,1,16758.80,,,,
2019-06-10T00:05:16,50.734497,-1.503261,198.071868,14864.34812,1,16675.01,,,,
2019-06-10T00:05:17,50.734498,-1.503237,198.0740878,14860.47393,1,16591.63,,,,
2019-06-10T00:05:18,50.734499,-1.503213,198.076305,14856.59977,1,16541.86,,,,
2019-06-10T00:05:19,50.734500,-1.503189,198.0785197,14852.72564,0,16558.40,,,,
2019-06-10T00:05:20,50.734502,-1.503165,198.0807316,14848.85154,1,16492.17,,,,
2019-06-10T00:05:21,50.734503,-1.503141,198.082941,14844.97748,2,16525.15,,,,
2019-06-10T00:05:22,50.734504,-1.503117,198.0851478,14841.10345,0,16574.73,,,,
2019-06-10T00:05:23,50.734505,-1.503093,198.0873519,14837.22945,1,16574.73,,,,
2019-06-10T00:05:24,50.734506,-1.503069,198.0895534,14833.35549,1,16508.43,,,,
2019-06-10T00:05:25,50.734508,-1.503045,198.0917524,14829.48156,2,16425.88,,,,
2019-06-10T00:05:26,50.734509,-1.503021,198.0939486,14825.60766,3,16360.18,,,,
2019-06-10T00:05:27,50.734510,-1.502997,198.0961423,14821.73379,0,16360.18,,,,
2019-06-10T00:05:28,50.734511,-1.502972,198.0983334,14817.85996,0,16343.82,,,,
2019-06-10T00:05:29,50.734512,-1.502948,198.1005218,14813.98616,0,16392.85,,,,
2019-06-10T00:05:30,50.734514,-1.502924,198.1027076,14810.11239,0,16327.28,,,,
2019-06-10T00:05:31,50.734515,-1.502900,198.1048908,14806.23866,1,16392.59,,,,
2019-06-10T00:05:32,50.734516,-1.502876,198.1070714,14802.36496,1,16343.41,,,,
2019-06-10T00:05:33,50.734517,-1.502852,198.1092494,14798.49129,1,16327.07,,,,
2019-06-10T00:05:34,50.734518,-1.502828,198.1114247,14794.61765,1,16261.76,,,,
2019-06-10T00:05:35,50.734520,-1.502804,198.1135975,14790.74405,2,16294.28,,,,
2019-06-10T00:05:36,50.734521,-1.502780,198.1157676,14786.87048,3,16294.28,,,,
2019-06-10T00:05:37,50.734522,-1.502756,198.1179351,14782.99695,2,16277.99,,,,
2019-06-10T00:05:38,50.734523,-1.502732,198.1200999,14779.12344,0,16245.43,,,,
2019-06-10T00:05:39,50.734524,-1.502708,198.1222622,14775.24997,1,16229.19,,,,
2019-06-10T00:05:40,50.734526,-1.502684,198.1244219,14771.37654,1,16180.50,,,,
2019-06-10T00:05:41,50.734527,-1.502659,198.1265789,14767.50314,2,16115.78,,,,
2019-06-10T00:05:42,50.734528,-1.502635,198.1287333,14763.62977,3,16115.78,,,,
2019-06-10T00:05:43,50.734529,-1.502611,198.1308851,14759.75643,4,16083.55,,,,
2019-06-10T00:05:44,50.734530,-1.502587,198.1330342,14755.88313,1,16019.21,,,,
2019-06-10T00:05:45,50.734532,-1.502563,198.1351808,14752.00986,2,16051.25,,,,
2019-06-10T00:05:46,50.734533,-1.502539,198.1373247,14748.13662,0,15987.05,,,,
2019-06-10T00:05:47,50.734534,-1.502515,198.1394661,14744.26342,1,15939.09,,,,
2019-06-10T00:05:48,50.734535,-1.502491,198.1416048,14740.39025,1,16002.84,,,,
2019-06-10T00:05:49,50.734536,-1.502467,198.1437408,14736.51711,1,15938.83,,,,
2019-06-10T00:05:50,50.734538,-1.502443,198.1458743,14732.64401,2,15938.83,,,,
2019-06-10T00:05:51,50.734539,-1.502419,198.1480051,14728.77094,0,15986.65,,,,
2019-06-10T00:05:52,50.734540,-1.502395,198.1501334,14724.8979,1,16018.62,,,,
2019-06-10T00:05:53,50.734541,-1.502370,198.152259,14721.0249,0,16034.64,,,,
2019-06-10T00:05:54,50.734542,-1.502346,198.154382,14717.15193,0,16082.74,,,,
2019-06-10T00:05:55,50.734544,-1.502322,198.1565023,14713.279,1,16002.33,,,,
2019-06-10T00:05:56,50.734545,-1.502298,198.1586201,14709.4061,1,15922.32,,,,
2019-06-10T00:05:57,50.734546,-1.502274,198.1607352,14705.53323,2,15906.39,,,,
2019-06-10T00:05:58,50.734547,-1.502250,198.1628477,14701.66039,2,15842.77,,,,
2019-06-10T00:05:59,50.734548,-1.502226,198.1649576,14697.78759,2,15826.93,,,,
2019-06-10T00:06:00,50.734550,-1.502202,198.1670649,14693.91483,0,15826.93,,,,
2019-06-10T00:06:01,50.734551,-1.502178,198.1691696,14690.04209,1,15874.41,,,,
2019-06-10T00:06:02,50.734552,-1.502154,198.1712716,14686.1694,1,15810.91,,,,
2019-06-10T00:06:03,50.734553,-1.502130,198.1733711,14682.29673,0,15747.67,,,,
2019-06-10T00:06:04,50.734554,-1.502106,198.1754679,14678.4241,1,15794.91,,,,
2019-06-10T00:06:05,50.734556,-1.502081,198.177562,14674.5515,0,15858.09,,,,
2019-06-10T00:06:06,50.734557,-1.502057,198.1796536,14670.67894,1,15778.80,,,,
2019-06-10T00:06:07,50.734558,-1.502033,198.1817426,14666.80641,2,15699.90,,,,
2019-06-10T00:06:08,50.734559,-1.502009,198.1838289,14662.93391,1,15747.00,,,,
2019-06-10T00:06:09,50.734560,-1.501985,198.1859126,14659.06145,2,15794.25,,,,
2019-06-10T00:06:10,50.734562,-1.501961,198.1879937,14655.18902,0,15731.07,,,,
2019-06-10T00:06:11,50.734563,-1.501937,198.1900722,14651.31663,0,15652.41,,,,
2019-06-10T00:06:12,50.734564,-1.501913,198.192148,14647.44427,0,15589.80,,,,
2019-06-10T00:06:13,50.734565,-1.501889,198.1942212,14643.57194,0,15636.57,,,,
2019-06-10T00:06:14,50.734566,-1.501865,198.1962919,14639.69965,0,15683.48,,,,
2019-06-10T00:06:15,50.734568,-1.501841,198.1983598,14635.8274,0,15652.12,,,,
2019-06-10T00:06:16,50.734569,-1.501817,198.2004252,14631.95517,1,15683.42,,,,
2019-06-10T00:06:17,50.734570,-1.501793,198.202488,14628.08298,0,15605.00,,,,
2019-06-10T00:06:18,50.734571,-1.501768,198.2045481,14624.21083,1,15620.61,,,,
2019-06-10T00:06:19,50.734572,-1.501744,198.2066056,14620.33871,1,15573.75,,,,
2019-06-10T00:06:20,50.734574,-1.501720,198.2086605,14616.46662,2,15527.02,,,,
2019-06-10T00:06:21,50.734575,-1.501696,198.2107128,14612.59457,0,15480.44,,,,
2019-06-10T00:06:22,50.734576,-1.501672,198.2127625,14608.72255,0,15434.00,,,,
2019-06-10T00:06:23,50.734577,-1.501648,198.2148095,14604.85057,0,15464.87,,,,
2019-06-10T00:06:24,50.734578,-1.501624,198.2168539,14600.97862,1,15495.80,,,,
2019-06-10T00:06:25,50.734580,-1.501600,198.2188957,14597.10671,0,15495.80,,,,
2019-06-10T00:06:26,50.734581,-1.501576,198.2209349,14593.23483,1,15449.31,,,,
2019-06-10T00:06:27,50.734582,-1.501552,198.2229714,14589.36298,2,15464.76,,,,
2019-06-10T00:06:28,50.734583,-1.501528,198.2250054,14585.49117,0,15449.30,,,,
2019-06-10T00:06:29,50.734584,-1.501504,198.2270367,14581.61939,1,15495.64,,,,
2019-06-10T00:06:30,50.734586,-1.501479,198.2290654,14577.74765,2,15418.17,,,,
2019-06-10T00:06:31,50.734587,-1.501455,198.2310915,14573.87595,3,15418.17,,,,
2019-06-10T00:06:32,50.734588,-1.501431,198.2331149,14570.00427,0,15402.75,,,,
2019-06-10T00:06:33,50.734589,-1.501407,198.2351357,14566.13263,0,15387.35,,,,
2019-06-10T00:06:34,50.734590,-1.501383,198.237154,14562.26103,1,15371.96,,,,
2019-06-10T00:06:35,50.734592,-1.501359,198.2391696,14558.38946,0,15418.07,,,,
2019-06-10T00:06:36,50.734593,-1.501335,198.2411825,14554.51793,0,15340.98,,,,
2019-06-10T00:06:37,50.734594,-1.501311,198.2431929,14550.64643,0,15340.98,,,,
2019-06-10T00:06:38,50.734595,-1.501287,198.2452006,14546.77497,1,15387.01,,,,
2019-06-10T00:06:39,50.734596,-1.501263,198.2472057,14542.90354,0,15448.55,,,,
2019-06-10T00:06:40,50.734598,-1.501239,198.2492082,14539.03214,1,15386.76,,,,
2019-06-10T00:06:41,50.734599,-1.501215,198.2512081,14535.16078,0,15386.76,,,,
2019-06-10T00:06:42,50.734600,-1.501191,198.2532053,14531.28946,0,15340.60,,,,
2019-06-10T00:06:43,50.734601,-1.501166,198.2551999,14527.41817,1,15279.24,,,,
2019-06-10T00:06:44,50.734602,-1.501142,198.2571919,14523.54691,1,15279.24,,,,
2019-06-10T00:06:45,50.734604,-1.501118,198.2591813,14519.67569,0,15279.24,,,,
2019-06-10T00:06:46,50.734605,-1.501094,198.2611681,14515.80451,0,15309.80,,,,
2019-06-10T00:06:47,50.734606,-1.501070,198.2631522,14511.93336,0,15233.25,,,,
2019-06-10T00:06:48,50.734607,-1.501046,198.2651337,14508.06224,1,15278.95,,,,
2019-06-10T00:06:49,50.734608,-1.501022,198.2671126,14504.19116,2,15263.67,,,,
2019-06-10T00:06:50,50.734610,-1.500998,198.2690889,14500.32012,1,15309.46,,,,
2019-06-10T00:06:51,50.734611,-1.500974,198.2710625,14496.44911,0,15309.46,,,,
2019-06-10T00:06:52,50.734612,-1.500950,198.2730336,14492.57813,0,15340.08,,,,
2019-06-10T00:06:53,50.734613,-1.500926,198.275002,14488.70719,1,15355.42,,,,
2019-06-10T00:06:54,50.734614,-1.500902,198.2769677,14484.83629,1,15294.00,,,,
2019-06-10T00:06:55,50.734616,-1.500877,198.2789309,14480.96542,1,15339.88,,,,
2019-06-10T00:06:56,50.734617,-1.500853,198.2808914,14477.09459,1,15293.86,,,,
2019-06-10T00:06:57,50.734618,-1.500829,198.2828494,14473.22379,2,15232.68,,,,
2019-06-10T00:06:58,50.734619,-1.500805,198.2848047,14469.35303,3,15202.22,,,,
2019-06-10T00:06:59,50.734620,-1.500781,198.2867573,14465.4823,1,15171.81,,,,
2019-06-10T00:07:00,50.734622,-1.500757,198.2887074,14461.61161,2,15171.81,,,,
2019-06-10T00:07:01,50.734623,-1.500733,198.2906548,14457.74095,1,15126.30,,,,
2019-06-10T00:07:02,50.734624,-1.500709,198.2925996,14453.87033,2,15096.05,,,,
2019-06-10T00:07:03,50.734625,-1.500685,198.2945418,14449.99975,3,15050.76,,,,
2019-06-10T00:07:04,50.734626,-1.500661,198.2964813,14446.1292,4,15005.61,,,,
2019-06-10T00:07:05,50.734628,-1.500637,198.2984183,14442.25868,3,14990.60,,,,
2019-06-10T00:07:06,50.734629,-1.500613,198.3003526,14438.3882,2,14975.61,,,,
2019-06-10T00:07:07,50.734630,-1.500588,198.3022842,14434.51776,3,15020.54,,,,
2019-06-10T00:07:08,50.734631,-1.500564,198.3042133,14430.64735,2,14960.45,,,,
2019-06-10T00:07:09,50.734632,-1.500540,198.3061397,14426.77698,3,14945.49,,,,
2019-06-10T00:07:10,50.734634,-1.500516,198.3080635,14422.90664,1,14885.71,,,,
2019-06-10T00:07:11,50.734635,-1.500492,198.3099847,14419.03634,1,14855.94,,,,
2019-06-10T00:07:12,50.734636,-1.500468,198.3119033,14415.16608,1,14915.36,,,,
2019-06-10T00:07:13,50.734637,-1.500444,198.3138192,14411.29585,0,14975.02,,,,
2019-06-10T00:07:14,50.734638,-1.500420,198.3157326,14407.42566,0,15019.95,,,,
2019-06-10T00:07:15,50.734640,-1.500396,198.3176432,14403.5555,1,15004.93,,,,
2019-06-10T00:07:16,50.734641,-1.500372,198.3195513,14399.68538,1,14929.91,,,,
2019-06-10T00:07:17,50.734642,-1.500348,198.3214568,14395.81529,2,14914.98,,,,
2019-06-10T00:07:18,50.734643,-1.500324,198.3233596,14391.94524,1,14929.89,,,,
2019-06-10T00:07:19,50.734644,-1.500300,198.3252598,14388.07523,2,14944.82,,,,
2019-06-10T00:07:20,50.734646,-1.500275,198.3271573,14384.20525,3,14959.77,,,,
2019-06-10T00:07:21,50.734647,-1.500251,198.3290523,14380.33531,1,14929.85,,,,
2019-06-10T00:07:22,50.734648,-1.500227,198.3309446,14376.4654,1,14974.64,,,,
2019-06-10T00:07:23,50.734649,-1.500203,198.3328343,14372.59553,0,15004.58,,,,
2019-06-10T00:07:24,50.734650,-1.500179,198.3347214,14368.7257,1,15049.60,,,,
2019-06-10T00:07:25,50.734652,-1.500155,198.3366058,14364.8559,2,15109.80,,,,
2019-06-10T00:07:26,50.734653,-1.500131,198.3384876,14360.98614,0,15079.58,,,,
2019-06-10T00:07:27,50.734654,-1.500107,198.3403668,14357.11642,0,15139.90,,,,
2019-06-10T00:07:28,50.734655,-1.500083,198.3422434,14353.24673,0,15185.32,,,,
2019-06-10T00:07:29,50.734656,-1.500059,198.3441173,14349.37708,1,15170.13,,,,
2019-06-10T00:07:30,50.734657,-1.500035,198.3459886,14345.50746,2,15200.47,,,,
2019-06-10T00:07:31,50.734659,-1.500011,198.3478573,14341.63788,2,15124.47,,,,
2019-06-10T00:07:32,50.734660,-1.499986,198.3497234,14337.76834,2,15079.09,,,,
2019-06-10T00:07:33,50.734661,-1.499962,198.3515868,14333.89883,2,15079.09,,,,
2019-06-10T00:07:34,50.734662,-1.499938,198.3534476,14330.02936,0,15109.25,,,,
2019-06-10T00:07:35,50.734663,-1.499914,198.3553058,14326.15992,1,15139.47,,,,
2019-06-10T00:07:36,50.734665,-1.499890,198.3571613,14322.29053,0,15124.33,,,,
2019-06-10T00:07:37,50.734666,-1.499866,198.3590143,14318.42116,1,15139.46,,,,
2019-06-10T00:07:38,50.734667,-1.499842,198.3608646,14314.55184,2,15124.32,,,,
2019-06-10T00:07:39,50.734668,-1.499818,198.3627122,14310.68255,1,15094.07,,,,
2019-06-10T00:07:40,50.734669,-1.499794,198.3645573,14306.8133,0,15094.07,,,,
2019-06-10T00:07:41,50.734671,-1.499770,198.3663997,14302.94408,0,15154.44,,,,
2019-06-10T00:07:42,50.734672,-1.499746,198.3682395,14299.07491,0,15108.98,,,,
2019-06-10T00:07:43,50.734673,-1.499722,198.3700766,14295.20576,1,15048.54,,,,
2019-06-10T00:07:44,50.734674,-1.499697,198.3719112,14291.33666,1,15048.54,,,,
2019-06-10T00:07:45,50.734675,-1.499673,198.3737431,14287.46759,1,15048.54,,,,
2019-06-10T00:07:46,50.734677,-1.499649,198.3755724,14283.59856,2,15003.40,,,,
2019-06-10T00:07:47,50.734678,-1.499625,198.377399,14279.72956,3,15033.41,,,,
2019-06-10T00:07:48,50.734679,-1.499601,198.379223,14275.86061,4,15078.51,,,,
2019-06-10T00:07:49,50.734680,-1.499577,198.3810444,14271.99169,1,15138.82,,,,
2019-06-10T00:07:50,50.734681,-1.499553,198.3828632,14268.1228,2,15138.82,,,,
2019-06-10T00:07:51,50.734683,-1.499529,198.3846793,14264.25395,1,15093.40,,,,
2019-06-10T00:07:52,50.734684,-1.499505,198.3864928,14260.38514,0,15078.31,,,,
2019-06-10T00:07:53,50.734685,-1.499481,198.3883037,14256.51637,0,15123.55,,,,
2019-06-10T00:07:54,50.734686,-1.499457,198.390112,14252.64763,1,15138.67,,,,
2019-06-10T00:07:55,50.734687,-1.499433,198.3919176,14248.77893,1,15138.67,,,,
2019-06-10T00:07:56,50.734689,-1.499409,198.3937206,14244.91027,1,15093.25,,,,
2019-06-10T00:07:57,50.734690,-1.499384,198.3955209,14241.04165,1,15078.16,,,,
2019-06-10T00:07:58,50.734691,-1.499360,198.3973187,14237.17306,0,15078.16,,,,
2019-06-10T00:07:59,50.734692,-1.499336,198.3991138,14233.30451,0,15138.47,,,,
2019-06-10T00:08:00,50.734693,-1.499312,198.4009062,14229.43599,1,15153.61,,,,
2019-06-10T00:08:01,50.734695,-1.499288,198.4026961,14225.56752,0,15199.07,,,,
2019-06-10T00:08:02,50.734696,-1.499264,198.4044833,14221.69908,1,15214.27,,,,
2019-06-10T00:08:03,50.734697,-1.499240,198.4062679,14217.83068,2,15244.70,,,,
2019-06-10T00:08:04,50.734698,-1.499216,198.4080498,14213.96231,3,15183.72,,,,
2019-06-10T00:08:05,50.734699,-1.499192,198.4098292,14210.09398,0,15198.90,,,,
2019-06-10T00:08:06,50.734701,-1.499168,198.4116058,14206.22569,0,15244.50,,,,
2019-06-10T00:08:07,50.734702,-1.499144,198.4133799,14202.35744,0,15229.26,,,,
2019-06-10T00:08:08,50.734703,-1.499120,198.4151513,14198.48923,1,15198.80,,,,
2019-06-10T00:08:09,50.734704,-1.499095,198.4169201,14194.62105,1,15138.00,,,,
2019-06-10T00:08:10,50.734705,-1.499071,198.4186863,14190.75291,0,15198.55,,,,
2019-06-10T00:08:11,50.734707,-1.499047,198.4204498,14186.8848,0,15137.76,,,,
2019-06-10T00:08:12,50.734708,-1.499023,198.4222107,14183.01674,0,15198.31,,,,
2019-06-10T00:08:13,50.734709,-1.498999,198.423969,14179.14871,0,15137.52,,,,
2019-06-10T00:08:14,50.734710,-1.498975,198.4257246,14175.28072,0,15198.07,,,,
2019-06-10T00:08:15,50.734711,-1.498951,198.4274776,14171.41277,0,15122.08,,,,
2019-06-10T00:08:16,50.734713,-1.498927,198.429228,14167.54486,1,15106.96,,,,
2019-06-10T00:08:17,50.734714,-1.498903,198.4309758,14163.67698,2,15122.06,,,,
2019-06-10T00:08:18,50.734715,-1.498879,198.4327209,14159.80914,0,15061.57,,,,
2019-06-10T00:08:19,50.734716,-1.498855,198.4344633,14155.94134,1,15031.45,,,,
2019-06-10T00:08:20,50.734717,-1.498831,198.4362032,14152.07357,1,15016.42,,,,
2019-06-10T00:08:21,50.734719,-1.498807,198.4379404,14148.20585,0,14971.37,,,,
2019-06-10T00:08:22,50.734720,-1.498782,198.439675,14144.33816,1,15001.31,,,,
2019-06-10T00:08:23,50.734721,-1.498758,198.4414069,14140.47051,1,14941.31,,,,
2019-06-10T00:08:24,50.734722,-1.498734,198.4431362,14136.6029,0,14956.25,,,,
2019-06-10T00:08:25,50.734723,-1.498710,198.4448629,14132.73533,0,14941.29,,,,
2019-06-10T00:08:26,50.734725,-1.498686,198.4465869,14128.86779,0,14896.47,,,,
2019-06-10T00:08:27,50.734726,-1.498662,198.4483084,14125.00029,0,14956.06,,,,
2019-06-10T00:08:28,50.734727,-1.498638,198.4500271,14121.13283,1,15015.88,,,,
2019-06-10T00:08:29,50.734728,-1.498614,198.4517433,14117.26541,2,14955.82,,,,
2019-06-10T00:08:30,50.734729,-1.498590,198.4534568,14113.39803,0,14940.86,,,,
2019-06-10T00:08:31,50.734731,-1.498566,198.4551676,14109.53068,0,14985.68,,,,
2019-06-10T00:08:32,50.734732,-1.498542,198.4568759,14105.66337,1,14970.70,,,,
2019-06-10T00:08:33,50.734733,-1.498518,198.4585815,14101.7961,1,15000.64,,,,
2019-06-10T00:08:34,50.734734,-1.498493,198.4602844,14097.92887,2,15060.64,,,,
2019-06-10T00:08:35,50.734735,-1.498469,198.4619848,14094.06168,0,15030.52,,,,
2019-06-10T00:08:36,50.734737,-1.498445,198.4636825,14090.19453,1,14970.40,,,,
2019-06-10T00:08:37,50.734738,-1.498421,198.4653775,14086.32741,1,15015.31,,,,
2019-06-10T00:08:38,50.734739,-1.498397,198.46707,14082.46033,1,15030.32,,,,
2019-06-10T00:08:39,50.734740,-1.498373,198.4687597,14078.59329,0,15030.32,,,,
2019-06-10T00:08:40,50.734741,-1.498349,198.4704469,14074.72629,1,15000.26,,,,
2019-06-10T00:08:41,50.734743,-1.498325,198.4721314,14070.85933,0,14925.26,,,,
2019-06-10T00:08:42,50.734744,-1.498301,198.4738133,14066.99241,0,14925.26,,,,
2019-06-10T00:08:43,50.734745,-1.498277,198.4754925,14063.12552,1,14880.49,,,,
2019-06-10T00:08:44,50.734746,-1.498253,198.4771691,14059.25867,1,14850.73,,,,
2019-06-10T00:08:45,50.734747,-1.498229,198.4788431,14055.39187,0,14835.87,,,,
2019-06-10T00:08:46,50.734749,-1.498204,198.4805144,14051.5251,0,14865.55,,,,
2019-06-10T00:08:47,50.734750,-1.498180,198.4821831,14047.65837,0,14791.22,,,,
2019-06-10T00:08:48,50.734751,-1.498156,198.4838492,14043.79167,0,14732.05,,,,
2019-06-10T00:08:49,50.734752,-1.498132,198.4855126,14039.92502,0,14776.25,,,,
2019-06-10T00:08:50,50.734753,-1.498108,198.4871734,14036.05841,0,14805.80,,,,
2019-06-10T00:08:51,50.734755,-1.498084,198.4888315,14032.19183,1,14850.22,,,,
2019-06-10T00:08:52,50.734756,-1.498060,198.490487,14028.32529,1,14894.77,,,,
2019-06-10T00:08:53,50.734757,-1.498036,198.4921399,14024.45879,0,14894.77,,,,
2019-06-10T00:08:54,50.734758,-1.498012,198.4937901,14020.59234,0,14894.77,,,,
2019-06-10T00:08:55,50.734759,-1.497988,198.4954377,14016.72592,0,14850.09,,,,
2019-06-10T00:08:56,50.734761,-1.497964,198.4970826,14012.85953,0,14894.64,,,,
2019-06-10T00:08:57,50.734762,-1.497940,198.498725,14008.99319,1,14954.21,,,,
2019-06-10T00:08:58,50.734763,-1.497916,198.5003646,14005.12689,1,14969.17,,,,
2019-06-10T00:08:59,50.734764,-1.497891,198.5020017,14001.26062,0,14954.20,,,,
2019-06-10T00:09:00,50.734765,-1.497867,198.503636,13997.3944,1,14954.20,,,,
2019-06-10T00:09:01,50.734767,-1.497843,198.5052678,13993.52821,2,14939.25,,,,
2019-06-10T00:09:02,50.734768,-1.497819,198.5068969,13989.66207,1,14939.25,,,,
2019-06-10T00:09:03,50.734769,-1.497795,198.5085234,13985.79596,0,14939.25,,,,
2019-06-10T00:09:04,50.734770,-1.497771,198.5101472,13981.92989,1,14924.31,,,,
2019-06-10T00:09:05,50.734771,-1.497747,198.5117684,13978.06386,2,14864.61,,,,
2019-06-10T00:09:06,50.734773,-1.497723,198.5133869,13974.19787,2,14790.29,,,,
2019-06-10T00:09:07,50.734774,-1.497699,198.5150028,13970.33192,3,14716.33,,,,
2019-06-10T00:09:08,50.734775,-1.497675,198.5166161,13966.46601,0,14731.05,,,,
2019-06-10T00:09:09,50.734776,-1.497651,198.5182267,13962.60014,1,14701.59,,,,
2019-06-10T00:09:10,50.734777,-1.497627,198.5198347,13958.7343,0,14716.29,,,,
2019-06-10T00:09:11,50.734779,-1.497602,198.5214401,13954.86851,1,14716.29,,,,
2019-06-10T00:09:12,50.734780,-1.497578,198.5230428,13951.00276,0,14775.16,,,,
2019-06-10T00:09:13,50.734781,-1.497554,198.5246428,13947.13704,1,14819.48,,,,
2019-06-10T00:09:14,50.734782,-1.497530,198.5262402,13943.27137,1,14834.30,,,,
2019-06-10T00:09:15,50.734783,-1.497506,198.527835,13939.40573,1,14878.80,,,,
2019-06-10T00:09:16,50.734785,-1.497482,198.5294271,13935.54014,0,14834.17,,,,
2019-06-10T00:09:17,50.734786,-1.497458,198.5310166,13931.67458,1,14834.17,,,,
2019-06-10T00:09:18,50.734787,-1.497434,198.5326034,13927.80907,1,14774.83,,,,
2019-06-10T00:09:19,50.734788,-1.497410,198.5341876,13923.94359,1,14833.93,,,,
2019-06-10T00:09:20,50.734789,-1.497386,198.5357692,13920.07815,1,14878.43,,,,
2019-06-10T00:09:21,50.734791,-1.497362,198.5373481,13916.21276,1,14923.07,,,,
2019-06-10T00:09:22,50.734792,-1.497338,198.5389244,13912.3474,0,14923.07,,,,
2019-06-10T00:09:23,50.734793,-1.497313,198.540498,13908.48208,0,14893.22,,,,
2019-06-10T00:09:24,50.734794,-1.497289,198.542069,13904.6168,1,14937.90,,,,
2019-06-10T00:09:25,50.734795,-1.497265,198.5436373,13900.75157,2,14863.21,,,,
2019-06-10T00:09:26,50.734797,-1.497241,198.545203,13896.88637,0,14878.07,,,,
2019-06-10T00:09:27,50.734798,-1.497217,198.546766,13893.02121,0,14907.83,,,,
2019-06-10T00:09:28,50.734799,-1.497193,198.5483264,13889.15609,1,14937.65,,,,
2019-06-10T00:09:29,50.734800,-1.497169,198.5498842,13885.29102,0,14907.77,,,,
2019-06-10T00:09:30,50.734801,-1.497145,198.5514393,13881.42598,0,14922.68,,,,
2019-06-10T00:09:31,50.734803,-1.497121,198.5529917,13877.56098,1,14967.45,,,,
2019-06-10T00:09:32,50.734804,-1.497097,198.5545416,13873.69603,0,14952.48,,,,
2019-06-10T00:09:33,50.734805,-1.497073,198.5560887,13869.83111,0,14892.67,,,,
2019-06-10T00:09:34,50.734806,-1.497049,198.5576332,13865.96623,0,14922.45,,,,
2019-06-10T00:09:35,50.734807,-1.497025,198.5591751,13862.1014,1,14877.69,,,,
2019-06-10T00:09:36,50.734809,-1.497000,198.5607143,13858.2366,1,14833.05,,,,
2019-06-10T00:09:37,50.734810,-1.496976,198.5622509,13854.37184,1,14877.55,,,,
2019-06-10T00:09:38,50.734811,-1.496952,198.5637848,13850.50713,1,14937.06,,,,
2019-06-10T00:09:39,50.734812,-1.496928,198.5653161,13846.64245,0,14981.87,,,,
2019-06-10T00:09:40,50.734813,-1.496904,198.5668448,13842.77782,1,14906.97,,,,
2019-06-10T00:09:41,50.734815,-1.496880,198.5683708,13838.91323,1,14951.69,,,,
2019-06-10T00:09:42,50.734816,-1.496856,198.5698941,13835.04867,2,14891.88,,,,
2019-06-10T00:09:43,50.734817,-1.496832,198.5714148,13831.18416,3,14891.88,,,,
2019-06-10T00:09:44,50.734818,-1.496808,198.5729328,13827.31969,1,14906.77,,,,
2019-06-10T00:09:45,50.734819,-1.496784,198.5744482,13823.45525,1,14951.49,,,,
2019-06-10T00:09:46,50.734821,-1.496760,198.575961,13819.59086,0,14921.59,,,,
2019-06-10T00:09:47,50.734822,-1.496736,198.5774711,13815.72651,1,14921.59,,,,
2019-06-10T00:09:48,50.734823,-1.496711,198.5789785,13811.8622,0,14846.98,,,,
2019-06-10T00:09:49,50.734824,-1.496687,198.5804833,13807.99793,0,14861.83,,,,
2019-06-10T00:09:50,50.734825,-1.496663,198.5819854,13804.1337,0,14921.27,,,,
2019-06-10T00:09:51,50.734827,-1.496639,198.5834849,13800.26952,0,14846.67,,,,
2019-06-10T00:09:52,50.734828,-1.496615,198.5849818,13796.40537,0,14876.36,,,,
2019-06-10T00:09:53,50.734829,-1.496591,198.586476,13792.54126,0,14906.11,,,,
2019-06-10T00:09:54,50.734830,-1.496567,198.5879675,13788.6772,0,14891.21,,,,
2019-06-10T00:09:55,50.734831,-1.496543,198.5894564,13784.81318,0,14816.75,,,,
2019-06-10T00:09:56,50.734833,-1.496519,198.5909426,13780.94919,0,14742.67,,,,
2019-06-10T00:09:57,50.734834,-1.496495,198.5924262,13777.08525,1,14742.67,,,,
2019-06-10T00:09:58,50.734835,-1.496471,198.5939071,13773.22135,1,14727.93,,,,
2019-06-10T00:09:59,50.734836,-1.496447,198.5953854,13769.35749,0,14786.84,,,,
2019-06-10T00:10:00,50.734837,-1.496422,198.596861,13765.49367,0,14757.26,,,,
2019-06-10T00:10:01,50.734839,-1.496398,198.598334,13761.62989,0,14772.02,,,,
2019-06-10T00:10:02,50.734840,-1.496374,198.5998043,13757.76616,1,14757.25,,,,
2019-06-10T00:10:03,50.734841,-1.496350,198.601272,13753.90246,0,14816.28,,,,
2019-06-10T00:10:04,50.734842,-1.496326,198.602737,13750.03881,1,14801.46,,,,
2019-06-10T00:10:05,50.734843,-1.496302,198.6041994,13746.17519,2,14742.26,,,,
2019-06-10T00:10:06,50.734845,-1.496278,198.6056591,13742.31162,1,14683.29,,,,
2019-06-10T00:10:07,50.734846,-1.496254,198.6071162,13738.44809,0,14609.87,,,,
2019-06-10T00:10:08,50.734847,-1.496230,198.6085706,13734.5846,1,14536.82,,,,
2019-06-10T00:10:09,50.734848,-1.496206,198.6100223,13730.72116,2,14580.43,,,,
2019-06-10T00:10:10,50.734849,-1.496182,198.6114714,13726.85775,2,14580.43,,,,
2019-06-10T00:10:11,50.734851,-1.496158,198.6129178,13722.99439,1,14624.17,,,,
2019-06-10T00:10:12,50.734852,-1.496134,198.6143616,13719.13106,1,14682.67,,,,
2019-06-10T00:10:13,50.734853,-1.496109,198.6158027,13715.26778,0,14712.04,,,,
2019-06-10T00:10:14,50.734854,-1.496085,198.6172412,13711.40454,1,14697.32,,,,
2019-06-10T00:10:15,50.734855,-1.496061,198.618677,13707.54134,0,14682.63,,,,
2019-06-10T00:10:16,50.734857,-1.496037,198.6201102,13703.67819,0,14682.63,,,,
2019-06-10T00:10:17,50.734858,-1.496013,198.6215407,13699.81507,1,14726.67,,,,
2019-06-10T00:10:18,50.734859,-1.495989,198.6229685,13695.952,2,14726.67,,,,
2019-06-10T00:10:19,50.734860,-1.495965,198.6243937,13692.08897,0,14682.49,,,,
2019-06-10T00:10:20,50.734861,-1.495941,198.6258162,13688.22598,1,14697.18,,,,
2019-06-10T00:10:21,50.734863,-1.495917,198.6272361,13684.36303,1,14667.78,,,,
2019-06-10T00:10:22,50.734864,-1.495893,198.6286533,13680.50013,0,14711.79,,,,
2019-06-10T00:10:23,50.734865,-1.495869,198.6300678,13676.63726,0,14697.07,,,,
2019-06-10T00:10:24,50.734866,-1.495845,198.6314797,13672.77444,1,14755.86,,,,
2019-06-10T00:10:25,50.734867,-1.495820,198.632889,13668.91166,0,14711.59,,,,
2019-06-10T00:10:26,50.734869,-1.495796,198.6342955,13665.04892,1,14741.02,,,,
2019-06-10T00:10:27,50.734870,-1.495772,198.6356994,13661.18623,1,14785.24,,,,
2019-06-10T00:10:28,50.734871,-1.495748,198.6371007,13657.32358,1,14740.88,,,,
2019-06-10T00:10:29,50.734872,-1.495724,198.6384993,13653.46096,0,14799.85,,,,
2019-06-10T00:10:30,50.734873,-1.495700,198.6398952,13649.5984,1,14814.65,,,,
2019-06-10T00:10:31,50.734874,-1.495676,198.6412885,13645.73587,0,14770.20,,,,
2019-06-10T00:10:32,50.734876,-1.495652,198.6426791,13641.87338,1,14725.89,,,,
2019-06-10T00:10:33,50.734877,-1.495628,198.6440671,13638.01094,0,14681.72,,,,
2019-06-10T00:10:34,50.734878,-1.495604,198.6454524,13634.14854,0,14652.35,,,,
2019-06-10T00:10:35,50.734879,-1.495580,198.646835,13630.28618,1,14652.35,,,,
2019-06-10T00:10:36,50.734880,-1.495556,198.648215,13626.42387,2,14696.31,,,,
2019-06-10T00:10:37,50.734882,-1.495532,198.6495923,13622.5616,1,14725.70,,,,
2019-06-10T00:10:38,50.734883,-1.495507,198.6509669,13618.69937,2,14769.88,,,,
2019-06-10T00:10:39,50.734884,-1.495483,198.6523389,13614.83718,3,14828.96,,,,
2019-06-10T00:10:40,50.734885,-1.495459,198.6537082,13610.97503,3,14888.27,,,,
2019-06-10T00:10:41,50.734886,-1.495435,198.6550749,13607.11293,0,14918.05,,,,
2019-06-10T00:10:42,50.734888,-1.495411,198.6564389,13603.25087,0,14977.72,,,,
2019-06-10T00:10:43,50.734889,-1.495387,198.6578002,13599.38885,0,14932.79,,,,
2019-06-10T00:10:44,50.734890,-1.495363,198.6591589,13595.52688,1,14992.52,,,,
2019-06-10T00:10:45,50.734891,-1.495339,198.6605149,13591.66495,2,15037.50,,,,
2019-06-10T00:10:46,50.734892,-1.495315,198.6618682,13587.80306,0,15037.50,,,,
2019-06-10T00:10:47,50.734894,-1.495291,198.6632189,13583.94121,0,15082.61,,,,
2019-06-10T00:10:48,50.734895,-1.495267,198.6645669,13580.07941,0,15112.78,,,,
2019-06-10T00:10:49,50.734896,-1.495243,198.6659123,13576.21765,1,15112.78,,,,
2019-06-10T00:10:50,50.734897,-1.495218,198.667255,13572.35593,1,15067.44,,,,
2019-06-10T00:10:51,50.734898,-1.495194,198.668595,13568.49425,2,15022.24,,,,
2019-06-10T00:10:52,50.734900,-1.495170,198.6699323,13564.63262,0,14992.19,,,,
2019-06-10T00:10:53,50.734901,-1.495146,198.671267,13560.77103,0,14992.19,,,,
2019-06-10T00:10:54,50.734902,-1.495122,198.672599,13556.90949,1,15052.16,,,,
2019-06-10T00:10:55,50.734903,-1.495098,198.6739284,13553.04798,0,15067.21,,,,
2019-06-10T00:10:56,50.734904,-1.495074,198.675255,13549.18652,1,15037.08,,,,
2019-06-10T00:10:57,50.734906,-1.495050,198.676579,13545.32511,1,15052.11,,,,
2019-06-10T00:10:58,50.734907,-1.495026,198.6779004,13541.46373,2,15097.27,,,,
2019-06-10T00:10:59,50.734908,-1.495002,198.6792191,13537.6024,2,15097.27,,,,
2019-06-10T00:11:00,50.734909,-1.494978,198.6805351,13533.74112,1,15067.08,,,,
2019-06-10T00:11:01,50.734910,-1.494954,198.6818484,13529.87987,2,15097.21,,,,
2019-06-10T00:11:02,50.734912,-1.494929,198.6831591,13526.01867,0,15067.02,,,,
2019-06-10T00:11:03,50.734913,-1.494905,198.6844671,13522.15752,1,15021.82,,,,
2019-06-10T00:11:04,50.734914,-1.494881,198.6857724,13518.2964,2,15021.82,,,,
2019-06-10T00:11:05,50.734915,-1.494857,198.6870751,13514.43533,1,15051.86,,,,
2019-06-10T00:11:06,50.734916,-1.494833,198.6883751,13510.57431,2,15036.81,,,,
2019-06-10T00:11:07,50.734918,-1.494809,198.6896724,13506.71333,3,15051.84,,,,
2019-06-10T00:11:08,50.734919,-1.494785,198.6909671,13502.85239,1,15006.69,,,,
2019-06-10T00:11:09,50.734920,-1.494761,198.692259,13498.99149,0,15036.70,,,,
2019-06-10T00:11:10,50.734921,-1.494737,198.6935483,13495.13064,0,15051.74,,,,
2019-06-10T00:11:11,50.734922,-1.494713,198.694835,13491.26983,0,15006.58,,,,
2019-06-10T00:11:12,50.734924,-1.494689,198.6961189,13487.40907,1,14991.58,,,,
2019-06-10T00:11:13,50.734925,-1.494665,198.6974002,13483.54835,0,14946.60,,,,
2019-06-10T00:11:14,50.734926,-1.494641,198.6986789,13479.68767,1,14901.76,,,,
2019-06-10T00:11:15,50.734927,-1.494616,198.6999548,13475.82704,1,14827.25,,,,
2019-06-10T00:11:16,50.734928,-1.494592,198.7012281,13471.96645,0,14871.74,,,,
2019-06-10T00:11:17,50.734930,-1.494568,198.7024987,13468.1059,1,14886.61,,,,
2019-06-10T00:11:18,50.734931,-1.494544,198.7037666,13464.2454,1,14856.83,,,,
2019-06-10T00:11:19,50.734932,-1.494520,198.7050319,13460.38494,0,14886.55,,,,
2019-06-10T00:11:20,50.734933,-1.494496,198.7062945,13456.52453,1,14841.89,,,,
2019-06-10T00:11:21,50.734934,-1.494472,198.7075544,13452.66416,0,14901.26,,,,
2019-06-10T00:11:22,50.734936,-1.494448,198.7088116,13448.80384,0,14931.06,,,,
2019-06-10T00:11:23,50.734937,-1.494424,198.7100661,13444.94356,0,14945.99,,,,
2019-06-10T00:11:24,50.734938,-1.494400,198.711318,13441.08332,0,14871.26,,,,
2019-06-10T00:11:25,50.734939,-1.494376,198.7125672,13437.22313,0,14796.90,,,,
2019-06-10T00:11:26,50.734940,-1.494352,198.7138138,13433.36298,0,14826.50,,,,
2019-06-10T00:11:27,50.734942,-1.494327,198.7150576,13429.50287,0,14796.84,,,,
2019-06-10T00:11:28,50.734943,-1.494303,198.7162988,13425.64281,1,14752.45,,,,
2019-06-10T00:11:29,50.734944,-1.494279,198.7175373,13421.7828,1,14737.70,,,,
2019-06-10T00:11:30,50.734945,-1.494255,198.7187731,13417.92283,2,14678.75,,,,
2019-06-10T00:11:31,50.734946,-1.494231,198.7200062,13414.0629,1,14664.07,,,,
2019-06-10T00:11:32,50.734948,-1.494207,198.7212367,13410.20302,0,14664.07,,,,
2019-06-10T00:11:33,50.734949,-1.494183,198.7224645,13406.34318,0,14634.74,,,,
2019-06-10T00:11:34,50.734950,-1.494159,198.7236896,13402.48339,0,14678.65,,,,
2019-06-10T00:11:35,50.734951,-1.494135,198.724912,13398.62364,0,14678.65,,,,
2019-06-10T00:11:36,50.734952,-1.494111,198.7261318,13394.76394,1,14737.36,,,,
2019-06-10T00:11:37,50.734954,-1.494087,198.7273489,13390.90428,0,14678.41,,,,
2019-06-10T00:11:38,50.734955,-1.494063,198.7285632,13387.04467,1,14722.45,,,,
2019-06-10T00:11:39,50.734956,-1.494038,198.729775,13383.1851,0,14766.61,,,,
2019-06-10T00:11:40,50.734957,-1.494014,198.730984,13379.32557,1,14692.78,,,,
2019-06-10T00:11:41,50.734958,-1.493990,198.7321903,13375.46609,2,14678.09,,,,
2019-06-10T00:11:42,50.734960,-1.493966,198.733394,13371.60666,0,14722.12,,,,
2019-06-10T00:11:43,50.734961,-1.493942,198.734595,13367.74727,0,14736.85,,,,
2019-06-10T00:11:44,50.734962,-1.493918,198.7357933,13363.88792,1,14677.90,,,,
2019-06-10T00:11:45,50.734963,-1.493894,198.7369889,13360.02862,0,14707.25,,,,
2019-06-10T00:11:46,50.734964,-1.493870,198.7381819,13356.16937,0,14663.13,,,,
2019-06-10T00:11:47,50.734966,-1.493846,198.7393721,13352.31016,1,14648.47,,,,
2019-06-10T00:11:48,50.734967,-1.493822,198.7405597,13348.451,0,14633.82,,,,
2019-06-10T00:11:49,50.734968,-1.493798,198.7417446,13344.59188,0,14604.55,,,,
2019-06-10T00:11:50,50.734969,-1.493774,198.7429268,13340.7328,1,14575.34,,,,
2019-06-10T00:11:51,50.734970,-1.493750,198.7441063,13336.87377,0,14589.92,,,,
2019-06-10T00:11:52,50.734972,-1.493725,198.7452831,13333.01479,1,14575.33,,,,
2019-06-10T00:11:53,50.734973,-1.493701,198.7464573,13329.15585,1,14517.03,,,,
2019-06-10T00:11:54,50.734974,-1.493677,198.7476288,13325.29696,2,14560.58,,,,
2019-06-10T00:11:55,50.734975,-1.493653,198.7487975,13321.43811,0,14546.02,,,,
2019-06-10T00:11:56,50.734976,-1.493629,198.7499636,13317.57931,0,14531.47,,,,
2019-06-10T00:11:57,50.734978,-1.493605,198.751127,13313.72055,1,14575.07,,,,
2019-06-10T00:11:58,50.734979,-1.493581,198.7522878,13309.86184,2,14516.77,,,,
2019-06-10T00:11:59,50.734980,-1.493557,198.7534458,13306.00318,2,14473.22,,,,
2019-06-10T00:12:00,50.734981,-1.493533,198.7546012,13302.14456,1,14400.85,,,,
2019-06-10T00:12:01,50.734982,-1.493509,198.7557538,13298.28598,1,14429.65,,,,
2019-06-10T00:12:02,50.734984,-1.493485,198.7569038,13294.42745,2,14458.51,,,,
2019-06-10T00:12:03,50.734985,-1.493461,198.7580511,13290.56897,3,14400.68,,,,
2019-06-10T00:12:04,50.734986,-1.493436,198.7591957,13286.71053,0,14400.68,,,,
2019-06-10T00:12:05,50.734987,-1.493412,198.7603376,13282.85214,1,14328.67,,,,
2019-06-10T00:12:06,50.734988,-1.493388,198.7614768,13278.9938,0,14314.34,,,,
2019-06-10T00:12:07,50.734990,-1.493364,198.7626133,13275.1355,1,14342.97,,,,
2019-06-10T00:12:08,50.734991,-1.493340,198.7637472,13271.27724,2,14328.63,,,,
2019-06-10T00:12:09,50.734992,-1.493316,198.7648783,13267.41904,0,14256.99,,,,
2019-06-10T00:12:10,50.734993,-1.493292,198.7660068,13263.56087,0,14299.76,,,,
2019-06-10T00:12:11,50.734994,-1.493268,198.7671325,13259.70276,0,14271.16,,,,
2019-06-10T00:12:12,50.734996,-1.493244,198.7682556,13255.84469,1,14214.07,,,,
2019-06-10T00:12:13,50.734997,-1.493220,198.769376,13251.98667,2,14185.65,,,,
2019-06-10T00:12:14,50.734998,-1.493196,198.7704937,13248.12869,1,14228.20,,,,
2019-06-10T00:12:15,50.734999,-1.493172,198.7716087,13244.27076,1,14213.97,,,,
2019-06-10T00:12:16,50.735000,-1.493148,198.772721,13240.41287,2,14171.33,,,,
2019-06-10T00:12:17,50.735002,-1.493123,198.7738306,13236.55503,1,14171.33,,,,
2019-06-10T00:12:18,50.735003,-1.493099,198.7749375,13232.69724,1,14171.33,,,,
2019-06-10T00:12:19,50.735004,-1.493075,198.7760418,13228.8395,0,14171.33,,,,
2019-06-10T00:12:20,50.735005,-1.493051,198.7771433,13224.9818,0,14228.02,,,,
2019-06-10T00:12:21,50.735006,-1.493027,198.7782421,13221.12414,1,14213.79,,,,
2019-06-10T00:12:22,50.735008,-1.493003,198.7793383,13217.26654,2,14199.58,,,,
2019-06-10T00:12:23,50.735009,-1.492979,198.7804317,13213.40898,3,14171.18,,,,
2019-06-10T00:12:24,50.735010,-1.492955,198.7815225,13209.55146,4,14185.35,,,,
2019-06-10T00:12:25,50.735011,-1.492931,198.7826105,13205.694,1,14242.09,,,,
2019-06-10T00:12:26,50.735012,-1.492907,198.7836959,13201.83658,2,14299.06,,,,
2019-06-10T00:12:27,50.735014,-1.492883,198.7847786,13197.9792,2,14284.76,,,,
2019-06-10T00:12:28,50.735015,-1.492859,198.7858585,13194.12188,2,14341.90,,,,
2019-06-10T00:12:29,50.735016,-1.492834,198.7869358,13190.2646,0,14298.87,,,,
2019-06-10T00:12:30,50.735017,-1.492810,198.7880104,13186.40736,1,14255.98,,,,
2019-06-10T00:12:31,50.735018,-1.492786,198.7890822,13182.55018,0,14255.98,,,,
2019-06-10T00:12:32,50.735020,-1.492762,198.7901514,13178.69304,1,14184.70,,,,
2019-06-10T00:12:33,50.735021,-1.492738,198.7912179,13174.83595,0,14198.88,,,,
2019-06-10T00:12:34,50.735022,-1.492714,198.7922817,13170.9789,1,14213.08,,,,
2019-06-10T00:12:35,50.735023,-1.492690,198.7933427,13167.1219,1,14170.44,,,,
2019-06-10T00:12:36,50.735024,-1.492666,198.7944011,13163.26495,2,14156.27,,,,
2019-06-10T00:12:37,50.735026,-1.492642,198.7954568,13159.40805,2,14127.96,,,,
2019-06-10T00:12:38,50.735027,-1.492618,198.7965098,13155.55119,3,14127.96,,,,
2019-06-10T00:12:39,50.735028,-1.492594,198.79756,13151.69438,1,14071.45,,,,
2019-06-10T00:12:40,50.735029,-1.492570,198.7986076,13147.83762,0,14113.66,,,,
2019-06-10T00:12:41,50.735030,-1.492545,198.7996525,13143.9809,0,14043.09,,,,
2019-06-10T00:12:42,50.735032,-1.492521,198.8006947,13140.12423,0,13972.88,,,,
2019-06-10T00:12:43,50.735033,-1.492497,198.8017341,13136.26761,0,13930.96,,,,
2019-06-10T00:12:44,50.735034,-1.492473,198.8027709,13132.41104,0,13889.16,,,,
2019-06-10T00:12:45,50.735035,-1.492449,198.8038049,13128.55451,0,13930.83,,,,
2019-06-10T00:12:46,50.735036,-1.492425,198.8048363,13124.69804,1,13944.76,,,,
2019-06-10T00:12:47,50.735038,-1.492401,198.8058649,13120.84161,2,13875.04,,,,
2019-06-10T00:12:48,50.735039,-1.492377,198.8068909,13116.98522,2,13916.66,,,,
2019-06-10T00:12:49,50.735040,-1.492353,198.8079141,13113.12889,0,13958.41,,,,
2019-06-10T00:12:50,50.735041,-1.492329,198.8089347,13109.2726,0,13930.50,,,,
2019-06-10T00:12:51,50.735042,-1.492305,198.8099525,13105.41636,1,13958.36,,,,
2019-06-10T00:12:52,50.735044,-1.492281,198.8109676,13101.56017,2,13958.36,,,,
2019-06-10T00:12:53,50.735045,-1.492257,198.81198,13097.70402,1,14014.19,,,,
2019-06-10T00:12:54,50.735046,-1.492232,198.8129898,13093.84792,0,14056.23,,,,
2019-06-10T00:12:55,50.735047,-1.492208,198.8139968,13089.99188,0,14098.40,,,,
2019-06-10T00:12:56,50.735048,-1.492184,198.8150011,13086.13587,0,14084.30,,,,
2019-06-10T00:12:57,50.735050,-1.492160,198.8160026,13082.27992,1,14126.56,,,,
2019-06-10T00:12:58,50.735051,-1.492136,198.8170015,13078.42402,2,14112.43,,,,
2019-06-10T00:12:59,50.735052,-1.492112,198.8179977,13074.56816,0,14084.21,,,,
2019-06-10T00:13:00,50.735053,-1.492088,198.8189912,13070.71235,0,14098.29,,,,
2019-06-10T00:13:01,50.735054,-1.492064,198.8199819,13066.85659,1,14056.00,,,,
2019-06-10T00:13:02,50.735056,-1.492040,198.8209699,13063.00088,0,14056.00,,,,
2019-06-10T00:13:03,50.735057,-1.492016,198.8219553,13059.14521,0,14056.00,,,,
2019-06-10T00:13:04,50.735058,-1.491992,198.8229379,13055.2896,0,13999.77,,,,
2019-06-10T00:13:05,50.735059,-1.491968,198.8239178,13051.43403,1,14041.77,,,,
2019-06-10T00:13:06,50.735060,-1.491943,198.824895,13047.57851,0,14083.90,,,,
2019-06-10T00:13:07,50.735062,-1.491919,198.8258695,13043.72304,0,14126.15,,,,
2019-06-10T00:13:08,50.735063,-1.491895,198.8268413,13039.86761,1,14069.64,,,,
2019-06-10T00:13:09,50.735064,-1.491871,198.8278103,13036.01224,1,13999.29,,,,
2019-06-10T00:13:10,50.735065,-1.491847,198.8287767,13032.15691,2,14027.29,,,,
2019-06-10T00:13:11,50.735066,-1.491823,198.8297403,13028.30164,2,13957.16,,,,
2019-06-10T00:13:12,50.735068,-1.491799,198.8307012,13024.44641,2,13915.29,,,,
2019-06-10T00:13:13,50.735069,-1.491775,198.8316594,13020.59123,3,13915.29,,,,
2019-06-10T00:13:14,50.735070,-1.491751,198.8326149,13016.7361,3,13915.29,,,,
2019-06-10T00:13:15,50.735071,-1.491727,198.8335677,13012.88102,3,13970.95,,,,
2019-06-10T00:13:16,50.735072,-1.491703,198.8345177,13009.02598,4,14012.86,,,,
2019-06-10T00:13:17,50.735074,-1.491679,198.8354651,13005.171,5,14068.91,,,,
2019-06-10T00:13:18,50.735075,-1.491654,198.8364097,13001.31606,3,14026.70,,,,
2019-06-10T00:13:19,50.735076,-1.491630,198.8373516,12997.46117,2,14068.78,,,,
2019-06-10T00:13:20,50.735077,-1.491606,198.8382908,12993.60634,3,14125.06,,,,
2019-06-10T00:13:21,50.735078,-1.491582,198.8392273,12989.75155,1,14125.06,,,,
2019-06-10T00:13:22,50.735080,-1.491558,198.840161,12985.89681,0,14181.56,,,,
2019-06-10T00:13:23,50.735081,-1.491534,198.8410921,12982.04212,0,14167.38,,,,
2019-06-10T00:13:24,50.735082,-1.491510,198.8420204,12978.18747,1,14139.04,,,,
2019-06-10T00:13:25,50.735083,-1.491486,198.842946,12974.33288,1,14082.49,,,,
2019-06-10T00:13:26,50.735084,-1.491462,198.8438689,12970.47834,2,14124.73,,,,
2019-06-10T00:13:27,50.735086,-1.491438,198.844789,12966.62384,3,14152.98,,,,
2019-06-10T00:13:28,50.735087,-1.491414,198.8457065,12962.7694,2,14167.14,,,,
2019-06-10T00:13:29,50.735088,-1.491390,198.8466212,12958.915,0,14124.64,,,,
2019-06-10T00:13:30,50.735089,-1.491366,198.8475332,12955.06066,0,14152.89,,,,
2019-06-10T00:13:31,50.735090,-1.491341,198.8484425,12951.20636,0,14209.50,,,,
2019-06-10T00:13:32,50.735091,-1.491317,198.849349,12947.35211,0,14266.33,,,,
2019-06-10T00:13:33,50.735093,-1.491293,198.8502528,12943.49791,0,14266.33,,,,
2019-06-10T00:13:34,50.735094,-1.491269,198.8511539,12939.64377,0,14237.80,,,,
2019-06-10T00:13:35,50.735095,-1.491245,198.8520523,12935.78967,1,14280.52,,,,
2019-06-10T00:13:36,50.735096,-1.491221,198.852948,12931.93562,1,14280.52,,,,
2019-06-10T00:13:37,50.735097,-1.491197,198.8538409,12928.08162,0,14323.36,,,,
2019-06-10T00:13:38,50.735099,-1.491173,198.8547311,12924.22767,1,14337.68,,,,
2019-06-10T00:13:39,50.735100,-1.491149,198.8556186,12920.37377,2,14352.02,,,,
2019-06-10T00:13:40,50.735101,-1.491125,198.8565034,12916.51992,1,14352.02,,,,
2019-06-10T00:13:41,50.735102,-1.491101,198.8573854,12912.66612,2,14395.07,,,,
2019-06-10T00:13:42,50.735103,-1.491077,198.8582647,12908.81237,0,14452.65,,,,
2019-06-10T00:13:43,50.735105,-1.491052,198.8591413,12904.95867,0,14481.56,,,,
2019-06-10T00:13:44,50.735106,-1.491028,198.8600151,12901.10502,1,14409.15,,,,
2019-06-10T00:13:45,50.735107,-1.491004,198.8608862,12897.25142,0,14365.92,,,,
2019-06-10T00:13:46,50.735108,-1.490980,198.8617546,12893.39787,1,14337.19,,,,
2019-06-10T00:13:47,50.735109,-1.490956,198.8626203,12889.54437,2,14394.54,,,,
2019-06-10T00:13:48,50.735111,-1.490932,198.8634832,12885.69092,3,14351.36,,,,
2019-06-10T00:13:49,50.735112,-1.490908,198.8643434,12881.83752,2,14322.65,,,,
2019-06-10T00:13:50,50.735113,-1.490884,198.8652009,12877.98417,1,14294.01,,,,
2019-06-10T00:13:51,50.735114,-1.490860,198.8660557,12874.13087,1,14279.72,,,,
2019-06-10T00:13:52,50.735115,-1.490836,198.8669077,12870.27763,2,14265.44,,,,
2019-06-10T00:13:53,50.735117,-1.490812,198.867757,12866.42443,3,14222.64,,,,
2019-06-10T00:13:54,50.735118,-1.490788,198.8686035,12862.57128,0,14279.53,,,,
2019-06-10T00:13:55,50.735119,-1.490764,198.8694473,12858.71818,0,14250.97,,,,
2019-06-10T00:13:56,50.735120,-1.490739,198.8702884,12854.86514,1,14236.72,,,,
2019-06-10T00:13:57,50.735121,-1.490715,198.8711268,12851.01214,1,14194.01,,,,
2019-06-10T00:13:58,50.735123,-1.490691,198.8719624,12847.1592,2,14236.59,,,,
2019-06-10T00:13:59,50.735124,-1.490667,198.8727953,12843.3063,1,14179.65,,,,
2019-06-10T00:14:00,50.735125,-1.490643,198.8736254,12839.45346,0,14122.93,,,,
2019-06-10T00:14:01,50.735126,-1.490619,198.8744528,12835.60067,1,14151.17,,,,
2019-06-10T00:14:02,50.735127,-1.490595,198.8752775,12831.74793,2,14094.57,,,,
2019-06-10T00:14:03,50.735129,-1.490571,198.8760994,12827.89524,3,14122.76,,,,
2019-06-10T00:14:04,50.735130,-1.490547,198.8769186,12824.04259,2,14179.25,,,,
2019-06-10T00:14:05,50.735131,-1.490523,198.8777351,12820.19001,3,14150.89,,,,
2019-06-10T00:14:06,50.735132,-1.490499,198.8785488,12816.33747,3,14207.49,,,,
2019-06-10T00:14:07,50.735133,-1.490475,198.8793598,12812.48498,1,14207.49,,,,
2019-06-10T00:14:08,50.735135,-1.490450,198.8801681,12808.63254,1,14164.87,,,,
2019-06-10T00:14:09,50.735136,-1.490426,198.8809736,12804.78016,2,14164.87,,,,
2019-06-10T00:14:10,50.735137,-1.490402,198.8817764,12800.92783,2,14150.71,,,,
2019-06-10T00:14:11,50.735138,-1.490378,198.8825764,12797.07554,3,14079.95,,,,
2019-06-10T00:14:12,50.735139,-1.490354,198.8833737,12793.22331,2,14108.11,,,,
2019-06-10T00:14:13,50.735141,-1.490330,198.8841683,12789.37113,2,14051.68,,,,
2019-06-10T00:14:14,50.735142,-1.490306,198.8849601,12785.51901,1,14051.68,,,,
2019-06-10T00:14:15,50.735143,-1.490282,198.8857492,12781.66693,2,14079.78,,,,
2019-06-10T00:14:16,50.735144,-1.490258,198.8865355,12777.8149,3,14079.78,,,,
2019-06-10T00:14:17,50.735145,-1.490234,198.8873191,12773.96293,1,14023.46,,,,
2019-06-10T00:14:18,50.735147,-1.490210,198.8880999,12770.11101,2,14023.46,,,,
2019-06-10T00:14:19,50.735148,-1.490186,198.888878,12766.25914,2,14065.53,,,,
2019-06-10T00:14:20,50.735149,-1.490161,198.8896534,12762.40732,3,13995.21,,,,
2019-06-10T00:14:21,50.735150,-1.490137,198.890426,12758.55555,4,14051.19,,,,
2019-06-10T00:14:22,50.735151,-1.490113,198.8911959,12754.70384,3,13980.93,,,,
2019-06-10T00:14:23,50.735153,-1.490089,198.891963,12750.85217,2,13980.93,,,,
2019-06-10T00:14:24,50.735154,-1.490065,198.8927274,12747.00056,1,14008.89,,,,
2019-06-10T00:14:25,50.735155,-1.490041,198.893489,12743.149,2,14022.90,,,,
2019-06-10T00:14:26,50.735156,-1.490017,198.8942479,12739.2975,1,13952.79,,,,
2019-06-10T00:14:27,50.735157,-1.489993,198.8950041,12735.44604,0,13896.98,,,,
2019-06-10T00:14:28,50.735159,-1.489969,198.8957575,12731.59464,1,13841.39,,,,
2019-06-10T00:14:29,50.735160,-1.489945,198.8965081,12727.74328,1,13799.86,,,,
2019-06-10T00:14:30,50.735161,-1.489921,198.897256,12723.89198,0,13730.87,,,,
2019-06-10T00:14:31,50.735162,-1.489897,198.8980011,12720.04074,1,13675.94,,,,
2019-06-10T00:14:32,50.735163,-1.489873,198.8987435,12716.18954,2,13621.24,,,,
2019-06-10T00:14:33,50.735165,-1.489848,198.8994832,12712.3384,3,13675.72,,,,
2019-06-10T00:14:34,50.735166,-1.489824,198.9002201,12708.48731,4,13621.02,,,,
2019-06-10T00:14:35,50.735167,-1.489800,198.9009542,12704.63627,5,13593.78,,,,
2019-06-10T00:14:36,50.735168,-1.489776,198.9016856,12700.78529,6,13620.97,,,,
2019-06-10T00:14:37,50.735169,-1.489752,198.9024143,12696.93435,4,13607.34,,,,
2019-06-10T00:14:38,50.735171,-1.489728,198.9031401,12693.08347,3,13620.95,,,,
2019-06-10T00:14:39,50.735172,-1.489704,198.9038633,12689.23265,2,13620.95,,,,
2019-06-10T00:14:40,50.735173,-1.489680,198.9045837,12685.38187,2,13661.82,,,,
2019-06-10T00:14:41,50.735174,-1.489656,198.9053013,12681.53115,2,13634.49,,,,
2019-06-10T00:14:42,50.735175,-1.489632,198.9060162,12677.68048,2,13675.39,,,,
2019-06-10T00:14:43,50.735177,-1.489608,198.9067283,12673.82986,3,13648.04,,,,
2019-06-10T00:14:44,50.735178,-1.489584,198.9074377,12669.9793,0,13607.10,,,,
2019-06-10T00:14:45,50.735179,-1.489559,198.9081443,12666.12879,0,13607.10,,,,
2019-06-10T00:14:46,50.735180,-1.489535,198.9088481,12662.27833,0,13607.10,,,,
2019-06-10T00:14:47,50.735181,-1.489511,198.9095492,12658.42792,1,13607.10,,,,
2019-06-10T00:14:48,50.735183,-1.489487,198.9102475,12654.57757,1,13579.89,,,,
2019-06-10T00:14:49,50.735184,-1.489463,198.9109431,12650.72727,0,13593.47,,,,
2019-06-10T00:14:50,50.735185,-1.489439,198.9116359,12646.87703,1,13566.28,,,,
2019-06-10T00:14:51,50.735186,-1.489415,198.912326,12643.02683,0,13566.28,,,,
2019-06-10T00:14:52,50.735187,-1.489391,198.9130133,12639.17669,1,13593.41,,,,
2019-06-10T00:14:53,50.735189,-1.489367,198.9136979,12635.32661,2,13539.04,,,,
2019-06-10T00:14:54,50.735190,-1.489343,198.9143796,12631.47657,3,13511.96,,,,
2019-06-10T00:14:55,50.735191,-1.489319,198.9150587,12627.62659,1,13525.47,,,,
2019-06-10T00:14:56,50.735192,-1.489295,198.9157349,12623.77667,2,13484.90,,,,
2019-06-10T00:14:57,50.735193,-1.489270,198.9164084,12619.92679,3,13457.93,,,,
2019-06-10T00:14:58,50.735195,-1.489246,198.9170792,12616.07697,0,13471.38,,,,
2019-06-10T00:14:59,50.735196,-1.489222,198.9177471,12612.22721,0,13430.97,,,,
2019-06-10T00:15:00,50.735197,-1.489198,198.9184123,12608.3775,0,13363.81,,,,
