Time,Lat,Long,CoG,Heading,Depth,Knots
2019-06-10T00:00:00,50.785237,-1.29687,257.97483,275.97483,87,4.386803712
2019-06-10T00:00:01,50.7852313,-1.296900826,257.9748681,264.9748681,82,4.386803712
2019-06-10T00:00:02,50.7852256,-1.296931651,257.9749062,233.9749062,79,4.390684121
2019-06-10T00:00:03,50.7852199,-1.296962477,257.9749443,237.9749443,83,4.386803712
2019-06-10T00:00:04,50.7852142,-1.296993303,257.9749823,271.9749823,82,4.390684121
2019-06-10T00:00:05,50.7852085,-1.297024129,257.9750204,232.9750204,84,4.390684121
2019-06-10T00:00:06,50.7852028,-1.297054954,257.9750585,230.9750585,89,4.390684121
2019-06-10T00:00:07,50.7851971,-1.29708578,257.9750965,254.9750965,86,4.386803712
2019-06-10T00:00:08,50.7851914,-1.297116606,257.9751346,229.9751346,88,4.390684121
2019-06-10T00:00:09,50.78518571,-1.297147432,257.9751727,228.9751727,88,4.390684121
2019-06-10T00:00:10,50.78518001,-1.297178257,257.9752107,231.9752107,90,4.386803712
2019-06-10T00:00:11,50.78517431,-1.297209083,257.9752488,274.9752488,86,4.390684121
2019-06-10T00:00:12,50.78516861,-1.297239909,257.9752869,283.9752869,89,4.390684121
2019-06-10T00:00:13,50.78516291,-1.297270735,257.9753249,237.9753249,89,4.390684121
2019-06-10T00:00:14,50.78515721,-1.29730156,257.975363,273.975363,85,4.390684121
2019-06-10T00:00:15,50.78515151,-1.297332386,257.9754011,255.9754011,86,4.390684121
2019-06-10T00:00:16,50.78514581,-1.297363212,257.9754391,253.9754391,81,4.390684121
2019-06-10T00:00:17,50.78514011,-1.297394038,257.9754772,252.9754772,85,4.390684121
2019-06-10T00:00:18,50.78513441,-1.297424863,257.9755153,241.9755153,83,4.390684121
2019-06-10T00:00:19,50.78512871,-1.297455689,257.9755533,276.9755533,88,4.390684121
2019-06-10T00:00:20,50.78512301,-1.297486515,257.9755914,259.9755914,90,4.382919865
2019-06-10T00:00:21,50.78511731,-1.297517341,257.9756295,259.9756295,90,4.390684121
2019-06-10T00:00:22,50.78511161,-1.297548166,257.9756675,238.9756675,92,4.390684121
2019-06-10T00:00:23,50.78510591,-1.297578992,257.9757056,265.9757056,88,4.390684121
2019-06-10T00:00:24,50.78510021,-1.297609818,257.9757436,229.9757436,83,4.390684121
2019-06-10T00:00:25,50.78509451,-1.297640644,257.9757817,246.9757817,80,4.390684121
2019-06-10T00:00:26,50.78508881,-1.297671469,257.9758198,249.9758198,75,4.390684121
2019-06-10T00:00:27,50.78508312,-1.297702295,257.9758578,257.9758578,79,4.390684121
2019-06-10T00:00:28,50.78507742,-1.297733121,257.9758959,279.9758959,84,4.390684121
2019-06-10T00:00:29,50.78507172,-1.297763946,257.9759339,276.9759339,80,4.390684121
2019-06-10T00:00:30,50.78506602,-1.297794772,257.975972,235.975972,78,4.390684121
2019-06-10T00:00:31,50.78506032,-1.297825598,257.97601,269.97601,82,4.390684121
2019-06-10T00:00:32,50.78505462,-1.297856424,257.9760481,253.9760481,77,4.390684121
2019-06-10T00:00:33,50.78504892,-1.297887249,257.9760862,248.9760862,78,4.390684121
2019-06-10T00:00:34,50.78504322,-1.297918075,257.9761242,243.9761242,77,4.390684121
2019-06-10T00:00:35,50.78503752,-1.297948901,257.9761623,269.9761623,80,4.390684121
2019-06-10T00:00:36,50.78503182,-1.297979727,257.9762003,239.9762003,80,4.390684121
2019-06-10T00:00:37,50.78502612,-1.298010552,257.9762384,250.9762384,85,4.390684121
2019-06-10T00:00:38,50.78502042,-1.298041378,257.9762764,236.9762764,87,4.386803712
2019-06-10T00:00:39,50.78501472,-1.298072204,257.9763145,281.9763145,90,4.390684121
2019-06-10T00:00:40,50.78500902,-1.29810303,257.9763525,266.9763525,90,4.390684121
2019-06-10T00:00:41,50.78500332,-1.298133855,257.9763906,250.9763906,88,4.390684121
2019-06-10T00:00:42,50.78499762,-1.298164681,257.9764286,227.9764286,86,4.390684121
2019-06-10T00:00:43,50.78499192,-1.298195507,257.9764667,258.9764667,82,4.386803712
2019-06-10T00:00:44,50.78498622,-1.298226333,257.9765047,272.9765047,77,4.390684121
2019-06-10T00:00:45,50.78498053,-1.298257158,257.9765428,256.9765428,74,4.390684121
2019-06-10T00:00:46,50.78497483,-1.298287984,257.9765808,273.9765808,77,4.390684121
2019-06-10T00:00:47,50.78496913,-1.29831881,257.9766188,280.9766188,75,4.390684121
2019-06-10T00:00:48,50.78496343,-1.298349636,257.9766569,279.9766569,73,4.390684121
2019-06-10T00:00:49,50.78495773,-1.298380461,257.9766949,264.9766949,68,4.386803712
2019-06-10T00:00:50,50.78495203,-1.298411287,257.976733,234.976733,72,4.390684121
2019-06-10T00:00:51,50.78494633,-1.298442113,257.976771,273.976771,77,4.390684121
2019-06-10T00:00:52,50.78494063,-1.298472939,257.9768091,282.9768091,80,4.390684121
2019-06-10T00:00:53,50.78493493,-1.298503764,257.9768471,242.9768471,85,4.390684121
2019-06-10T00:00:54,50.78492923,-1.29853459,257.9768851,239.9768851,90,4.390684121
2019-06-10T00:00:55,50.78492353,-1.298565416,257.9769232,254.9769232,87,4.390684121
2019-06-10T00:00:56,50.78491783,-1.298596241,257.9769612,287.9769612,84,4.390684121
2019-06-10T00:00:57,50.78491213,-1.298627067,257.9769993,245.9769993,89,4.390684121
2019-06-10T00:00:58,50.78490643,-1.298657893,257.9770373,235.9770373,84,4.386803712
2019-06-10T00:00:59,50.78490073,-1.298688719,257.9770753,247.9770753,87,4.386803712
2019-06-10T00:01:00,50.78489503,-1.298719544,257.9771134,272.9771134,92,4.386803712
2019-06-10T00:01:01,50.78488933,-1.29875037,257.9771514,250.9771514,90,4.386803712
2019-06-10T00:01:02,50.78488363,-1.298781196,257.9771895,242.9771895,89,4.390684121
2019-06-10T00:01:03,50.78487794,-1.298812022,257.9772275,279.9772275,94,4.390684121
2019-06-10T00:01:04,50.78487224,-1.298842847,257.9772655,247.9772655,92,4.390684121
2019-06-10T00:01:05,50.78486654,-1.298873673,257.9773036,257.9773036,92,4.390684121
2019-06-10T00:01:06,50.78486084,-1.298904499,257.9773416,264.9773416,88,4.390684121
2019-06-10T00:01:07,50.78485514,-1.298935325,257.9773796,231.9773796,91,4.390684121
2019-06-10T00:01:08,50.78484944,-1.29896615,257.9774177,250.9774177,92,4.390684121
2019-06-10T00:01:09,50.78484374,-1.298996976,257.9774557,278.9774557,93,4.390684121
2019-06-10T00:01:10,50.78483804,-1.299027802,257.9774937,260.9774937,95,4.390684121
2019-06-10T00:01:11,50.78483234,-1.299058628,257.9775318,286.9775318,97,4.386803712
2019-06-10T00:01:12,50.78482664,-1.299089453,257.9775698,237.9775698,97,4.386803712
2019-06-10T00:01:13,50.78482094,-1.299120279,257.9776078,255.9776078,93,4.390684121
2019-06-10T00:01:14,50.78481524,-1.299151105,257.9776458,236.9776458,95,4.386803712
2019-06-10T00:01:15,50.78480954,-1.299181931,257.9776839,253.9776839,100,4.390684121
2019-06-10T00:01:16,50.78480384,-1.299212756,257.9777219,246.9777219,96,4.390684121
2019-06-10T00:01:17,50.78479814,-1.299243582,257.9777599,244.9777599,99,4.390684121
2019-06-10T00:01:18,50.78479244,-1.299274408,257.977798,260.977798,96,4.390684121
2019-06-10T00:01:19,50.78478674,-1.299305234,257.977836,275.977836,99,4.390684121
2019-06-10T00:01:20,50.78478104,-1.299336059,257.977874,285.977874,99,4.390684121
2019-06-10T00:01:21,50.78477535,-1.299366885,257.977912,238.977912,95,4.390684121
2019-06-10T00:01:22,50.78476965,-1.299397711,257.9779501,232.9779501,98,4.386803712
2019-06-10T00:01:23,50.78476395,-1.299428536,257.9779881,231.9779881,94,4.390684121
2019-06-10T00:01:24,50.78475825,-1.299459362,257.9780261,238.9780261,94,4.390684121
2019-06-10T00:01:25,50.78475255,-1.299490188,257.9780641,284.9780641,97,4.390684121
2019-06-10T00:01:26,50.78474685,-1.299521014,257.9781021,251.9781021,93,4.390684121
2019-06-10T00:01:27,50.78474115,-1.299551839,257.9781402,250.9781402,96,4.390684121
2019-06-10T00:01:28,50.78473545,-1.299582665,257.9781782,256.9781782,91,4.390684121
2019-06-10T00:01:29,50.78472975,-1.299613491,257.9782162,258.9782162,86,4.386803712
2019-06-10T00:01:30,50.78472405,-1.299644317,257.9782542,244.9782542,82,4.386803712
2019-06-10T00:01:31,50.78471835,-1.299675142,257.9782922,273.9782922,80,4.382919865
2019-06-10T00:01:32,50.78471265,-1.299705968,257.9783303,268.9783303,77,4.382919865
2019-06-10T00:01:33,50.78470695,-1.299736794,257.9783683,235.9783683,82,4.386803712
2019-06-10T00:01:34,50.78470125,-1.29976762,257.9784063,274.9784063,78,4.390684121
2019-06-10T00:01:35,50.78469555,-1.299798445,257.9784443,250.9784443,77,4.390684121
2019-06-10T00:01:36,50.78468985,-1.299829271,257.9784823,266.9784823,76,4.390684121
2019-06-10T00:01:37,50.78468415,-1.299860097,257.9785203,280.9785203,80,4.386803712
2019-06-10T00:01:38,50.78467845,-1.299890923,257.9785584,276.9785584,82,4.390684121
2019-06-10T00:01:39,50.78467276,-1.299921748,257.9785964,271.9785964,77,4.390684121
2019-06-10T00:01:40,50.78466706,-1.299952574,257.9786344,252.9786344,73,4.390684121
2019-06-10T00:01:41,50.78466136,-1.2999834,257.9786724,233.9786724,68,4.390684121
2019-06-10T00:01:42,50.78465566,-1.300014226,257.9787104,251.9787104,69,4.386803712
2019-06-10T00:01:43,50.78464996,-1.300045051,257.9787484,284.9787484,69,4.390684121
2019-06-10T00:01:44,50.78464426,-1.300075877,257.9787864,255.9787864,74,4.386803712
2019-06-10T00:01:45,50.78463856,-1.300106703,257.9788244,243.9788244,73,4.390684121
2019-06-10T00:01:46,50.78463286,-1.300137529,257.9788624,251.9788624,76,4.386803712
2019-06-10T00:01:47,50.78462716,-1.300168354,257.9789005,239.9789005,81,4.386803712
2019-06-10T00:01:48,50.78462146,-1.30019918,257.9789385,253.9789385,83,4.390684121
2019-06-10T00:01:49,50.78461576,-1.300230006,257.9789765,243.9789765,80,4.390684121
2019-06-10T00:01:50,50.78461006,-1.300260831,257.9790145,277.9790145,84,4.386803712
2019-06-10T00:01:51,50.78460436,-1.300291657,257.9790525,279.9790525,88,4.390684121
2019-06-10T00:01:52,50.78459866,-1.300322483,257.9790905,284.9790905,86,4.390684121
2019-06-10T00:01:53,50.78459296,-1.300353309,257.9791285,281.9791285,90,4.390684121
2019-06-10T00:01:54,50.78458726,-1.300384134,257.9791665,246.9791665,94,4.382919865
2019-06-10T00:01:55,50.78458156,-1.30041496,257.9792045,236.9792045,90,4.390684121
2019-06-10T00:01:56,50.78457586,-1.300445786,257.9792425,243.9792425,95,4.390684121
2019-06-10T00:01:57,50.78457017,-1.300476612,257.9792805,238.9792805,100,4.386803712
2019-06-10T00:01:58,50.78456447,-1.300507437,257.9793185,245.9793185,95,4.386803712
2019-06-10T00:01:59,50.78455877,-1.300538263,257.9793565,265.9793565,100,4.390684121
2019-06-10T00:02:00,50.78455307,-1.300569089,257.9793945,241.9793945,97,4.390684121
2019-06-10T00:02:01,50.78454737,-1.300599915,257.9794325,242.9794325,97,4.390684121
2019-06-10T00:02:02,50.78454167,-1.30063074,257.9794705,282.9794705,99,4.390684121
2019-06-10T00:02:03,50.78453597,-1.300661566,257.9795085,282.9795085,98,4.390684121
2019-06-10T00:02:04,50.78453027,-1.300692392,257.9795465,271.9795465,100,4.386803712
2019-06-10T00:02:05,50.78452457,-1.300723218,257.9795845,233.9795845,97,4.386803712
2019-06-10T00:02:06,50.78451887,-1.300754043,257.9796225,276.9796225,98,4.390684121
2019-06-10T00:02:07,50.78451317,-1.300784869,257.9796605,281.9796605,95,4.390684121
2019-06-10T00:02:08,50.78450747,-1.300815695,257.9796985,245.9796985,93,4.386803712
2019-06-10T00:02:09,50.78450177,-1.300846521,257.9797365,280.9797365,96,4.390684121
2019-06-10T00:02:10,50.78449607,-1.300877346,257.9797745,232.9797745,94,4.390684121
2019-06-10T00:02:11,50.78449037,-1.300908172,257.9798125,253.9798125,96,4.390684121
2019-06-10T00:02:12,50.78448467,-1.300938998,257.9798505,247.9798505,95,4.390684121
2019-06-10T00:02:13,50.78447897,-1.300969824,257.9798885,254.9798885,98,4.390684121
2019-06-10T00:02:14,50.78447327,-1.301000649,257.9799265,244.9799265,100,4.390684121
2019-06-10T00:02:15,50.78446758,-1.301031475,257.9799644,269.9799644,99,4.390684121
2019-06-10T00:02:16,50.78446188,-1.301062301,257.9800024,267.9800024,97,4.386803712
2019-06-10T00:02:17,50.78445618,-1.301093126,257.9800404,264.9800404,99,4.390684121
2019-06-10T00:02:18,50.78445048,-1.301123952,257.9800784,259.9800784,100,4.390684121
2019-06-10T00:02:19,50.78444478,-1.301154778,257.9801164,245.9801164,97,4.390684121
2019-06-10T00:02:20,50.78443908,-1.301185604,257.9801544,242.9801544,97,4.390684121
2019-06-10T00:02:21,50.78443338,-1.301216429,257.9801924,254.9801924,93,4.390684121
2019-06-10T00:02:22,50.78442768,-1.301247255,257.9802304,245.9802304,94,4.390684121
2019-06-10T00:02:23,50.78442198,-1.301278081,257.9802684,251.9802684,96,4.390684121
2019-06-10T00:02:24,50.78441628,-1.301308907,257.9803063,230.9803063,100,4.390684121
2019-06-10T00:02:25,50.78441058,-1.301339732,257.9803443,251.9803443,97,4.390684121
2019-06-10T00:02:26,50.78440488,-1.301370558,257.9803823,227.9803823,100,4.390684121
2019-06-10T00:02:27,50.78439918,-1.301401384,257.9804203,259.9804203,100,4.390684121
2019-06-10T00:02:28,50.78439348,-1.30143221,257.9804583,242.9804583,99,4.390684121
2019-06-10T00:02:29,50.78438778,-1.301463035,257.9804963,268.9804963,98,4.390684121
2019-06-10T00:02:30,50.78438208,-1.301493861,257.9805342,260.9805342,96,4.390684121
2019-06-10T00:02:31,50.78437638,-1.301524687,257.9805722,273.9805722,94,4.390684121
2019-06-10T00:02:32,50.78437068,-1.301555513,257.9806102,278.9806102,98,4.390684121
2019-06-10T00:02:33,50.78436499,-1.301586338,257.9806482,272.9806482,100,4.382919865
2019-06-10T00:02:34,50.78435929,-1.301617164,257.9806862,248.9806862,99,4.390684121
2019-06-10T00:02:35,50.78435359,-1.30164799,257.9807241,258.9807241,98,4.390684121
2019-06-10T00:02:36,50.78434789,-1.301678816,257.9807621,254.9807621,97,4.390684121
2019-06-10T00:02:37,50.78434219,-1.301709641,257.9808001,228.9808001,96,4.390684121
2019-06-10T00:02:38,50.78433649,-1.301740467,257.9808381,278.9808381,96,4.390684121
2019-06-10T00:02:39,50.78433079,-1.301771293,257.9808761,244.9808761,98,4.390684121
2019-06-10T00:02:40,50.78432509,-1.301802119,257.980914,267.980914,99,4.390684121
2019-06-10T00:02:41,50.78431939,-1.301832944,257.980952,259.980952,97,4.390684121
2019-06-10T00:02:42,50.78431369,-1.30186377,257.98099,277.98099,93,4.390684121
2019-06-10T00:02:43,50.78430799,-1.301894596,257.981028,239.981028,97,4.390684121
2019-06-10T00:02:44,50.78430229,-1.301925421,257.9810659,243.9810659,99,4.390684121
2019-06-10T00:02:45,50.78429659,-1.301956247,257.9811039,260.9811039,99,4.390684121
2019-06-10T00:02:46,50.78429089,-1.301987073,257.9811419,256.9811419,97,4.390684121
2019-06-10T00:02:47,50.78428519,-1.302017899,257.9811798,251.9811798,96,4.390684121
2019-06-10T00:02:48,50.78427949,-1.302048724,257.9812178,282.9812178,91,4.386803712
2019-06-10T00:02:49,50.78427379,-1.30207955,257.9812558,260.9812558,92,4.390684121
2019-06-10T00:02:50,50.78426809,-1.302110376,257.9812938,282.9812938,89,4.390684121
2019-06-10T00:02:51,50.7842624,-1.302141202,257.9813317,261.9813317,85,4.390684121
2019-06-10T00:02:52,50.7842567,-1.302172027,257.9813697,229.9813697,90,4.390684121
2019-06-10T00:02:53,50.784251,-1.302202853,257.9814077,280.9814077,93,4.382919865
2019-06-10T00:02:54,50.7842453,-1.302233679,257.9814456,280.9814456,91,4.386803712
2019-06-10T00:02:55,50.7842396,-1.302264505,257.9814836,284.9814836,90,4.390684121
2019-06-10T00:02:56,50.7842339,-1.30229533,257.9815216,250.9815216,86,4.390684121
2019-06-10T00:02:57,50.7842282,-1.302326156,257.9815595,239.9815595,91,4.390684121
2019-06-10T00:02:58,50.7842225,-1.302356982,257.9815975,232.9815975,93,4.390684121
2019-06-10T00:02:59,50.7842168,-1.302387808,257.9816355,230.9816355,98,4.390684121
2019-06-10T00:03:00,50.7842111,-1.302418633,257.9816734,266.9816734,96,4.386803712
2019-06-10T00:03:01,50.7842054,-1.302449459,257.9817114,267.9817114,95,4.390684121
2019-06-10T00:03:02,50.7841997,-1.302480285,257.9817493,240.9817493,95,4.390684121
2019-06-10T00:03:03,50.784194,-1.302511111,257.9817873,273.9817873,92,4.390684121
2019-06-10T00:03:04,50.7841883,-1.302541936,257.9818253,284.9818253,96,4.386803712
2019-06-10T00:03:05,50.7841826,-1.302572762,257.9818632,256.9818632,94,4.390684121
2019-06-10T00:03:06,50.7841769,-1.302603588,257.9819012,274.9819012,96,4.390684121
2019-06-10T00:03:07,50.7841712,-1.302634414,257.9819391,248.9819391,96,4.390684121
2019-06-10T00:03:08,50.7841655,-1.302665239,257.9819771,258.9819771,95,4.390684121
2019-06-10T00:03:09,50.78415981,-1.302696065,257.9820151,287.9820151,96,4.390684121
2019-06-10T00:03:10,50.78415411,-1.302726891,257.982053,265.982053,94,4.394561107
2019-06-10T00:03:11,50.78414841,-1.302757716,257.982091,229.982091,93,4.390684121
2019-06-10T00:03:12,50.78414271,-1.302788542,257.9821289,282.9821289,98,4.390684121
2019-06-10T00:03:13,50.78413701,-1.302819368,257.9821669,269.9821669,95,4.390684121
2019-06-10T00:03:14,50.78413131,-1.302850194,257.9822048,231.9822048,100,4.390684121
2019-06-10T00:03:15,50.78412561,-1.302881019,257.9822428,280.9822428,99,4.390684121
2019-06-10T00:03:16,50.78411991,-1.302911845,257.9822808,261.9822808,100,4.390684121
2019-06-10T00:03:17,50.78411421,-1.302942671,257.9823187,260.9823187,96,4.390684121
2019-06-10T00:03:18,50.78410851,-1.302973497,257.9823567,233.9823567,94,4.390684121
2019-06-10T00:03:19,50.78410281,-1.303004322,257.9823946,269.9823946,95,4.390684121
2019-06-10T00:03:20,50.78409711,-1.303035148,257.9824326,246.9824326,93,4.390684121
2019-06-10T00:03:21,50.78409141,-1.303065974,257.9824705,281.9824705,95,4.390684121
2019-06-10T00:03:22,50.78408571,-1.3030968,257.9825085,232.9825085,100,4.390684121
2019-06-10T00:03:23,50.78408001,-1.303127625,257.9825464,281.9825464,96,4.390684121
2019-06-10T00:03:24,50.78407431,-1.303158451,257.9825844,236.9825844,94,4.390684121
2019-06-10T00:03:25,50.78406861,-1.303189277,257.9826223,240.9826223,96,4.390684121
2019-06-10T00:03:26,50.78406291,-1.303220103,257.9826603,249.9826603,95,4.390684121
2019-06-10T00:03:27,50.78405722,-1.303250928,257.9826982,276.9826982,99,4.394561107
2019-06-10T00:03:28,50.78405152,-1.303281754,257.9827362,238.9827362,98,4.394561107
2019-06-10T00:03:29,50.78404582,-1.30331258,257.9827741,244.9827741,100,4.390684121
2019-06-10T00:03:30,50.78404012,-1.303343406,257.982812,253.982812,96,4.390684121
2019-06-10T00:03:31,50.78403442,-1.303374231,257.98285,271.98285,91,4.390684121
2019-06-10T00:03:32,50.78402872,-1.303405057,257.9828879,232.9828879,94,4.390684121
2019-06-10T00:03:33,50.78402302,-1.303435883,257.9829259,252.9829259,99,4.390684121
2019-06-10T00:03:34,50.78401732,-1.303466709,257.9829638,278.9829638,99,4.390684121
2019-06-10T00:03:35,50.78401162,-1.303497534,257.9830018,284.9830018,99,4.390684121
2019-06-10T00:03:36,50.78400592,-1.30352836,257.9830397,240.9830397,97,4.390684121
2019-06-10T00:03:37,50.78400022,-1.303559186,257.9830776,280.9830776,94,4.390684121
2019-06-10T00:03:38,50.78399452,-1.303590011,257.9831156,244.9831156,90,4.394561107
2019-06-10T00:03:39,50.78398882,-1.303620837,257.9831535,249.9831535,91,4.390684121
2019-06-10T00:03:40,50.78398312,-1.303651663,257.9831915,258.9831915,92,4.390684121
2019-06-10T00:03:41,50.78397742,-1.303682489,257.9832294,248.9832294,94,4.390684121
2019-06-10T00:03:42,50.78397172,-1.303713314,257.9832673,254.9832673,91,4.394561107
2019-06-10T00:03:43,50.78396602,-1.30374414,257.9833053,240.9833053,86,4.390684121
2019-06-10T00:03:44,50.78396032,-1.303774966,257.9833432,259.9833432,82,4.390684121
2019-06-10T00:03:45,50.78395463,-1.303805792,257.9833811,244.9833811,83,4.390684121
2019-06-10T00:03:46,50.78394893,-1.303836617,257.9834191,260.9834191,78,4.390684121
2019-06-10T00:03:47,50.78394323,-1.303867443,257.983457,267.983457,83,4.390684121
2019-06-10T00:03:48,50.78393753,-1.303898269,257.983495,263.983495,88,4.390684121
2019-06-10T00:03:49,50.78393183,-1.303929095,257.9835329,282.9835329,88,4.398434675
2019-06-10T00:03:50,50.78392613,-1.30395992,257.9835708,253.9835708,88,4.390684121
2019-06-10T00:03:51,50.78392043,-1.303990746,257.9836088,242.9836088,83,4.390684121
2019-06-10T00:03:52,50.78391473,-1.304021572,257.9836467,279.9836467,84,4.394561107
2019-06-10T00:03:53,50.78390903,-1.304052398,257.9836846,270.9836846,79,4.390684121
2019-06-10T00:03:54,50.78390333,-1.304083223,257.9837225,273.9837225,75,4.390684121
2019-06-10T00:03:55,50.78389763,-1.304114049,257.9837605,233.9837605,73,4.390684121
2019-06-10T00:03:56,50.78389193,-1.304144875,257.9837984,254.9837984,68,4.390684121
2019-06-10T00:03:57,50.78388623,-1.304175701,257.9838363,230.9838363,72,4.390684121
2019-06-10T00:03:58,50.78388053,-1.304206526,257.9838743,239.9838743,68,4.390684121
2019-06-10T00:03:59,50.78387483,-1.304237352,257.9839122,236.9839122,71,4.390684121
2019-06-10T00:04:00,50.78386913,-1.304268178,257.9839501,229.9839501,66,4.390684121
2019-06-10T00:04:01,50.78386343,-1.304299004,257.983988,247.983988,68,4.390684121
2019-06-10T00:04:02,50.78385773,-1.304329829,257.984026,275.984026,64,4.390684121
2019-06-10T00:04:03,50.78385204,-1.304360655,257.9840639,259.9840639,62,4.390684121
2019-06-10T00:04:04,50.78384634,-1.304391481,257.9841018,276.9841018,62,4.390684121
2019-06-10T00:04:05,50.78384064,-1.304422306,257.9841397,250.9841397,67,4.390684121
2019-06-10T00:04:06,50.78383494,-1.304453132,257.9841777,236.9841777,69,4.386803712
2019-06-10T00:04:07,50.78382924,-1.304483958,257.9842156,249.9842156,65,4.390684121
2019-06-10T00:04:08,50.78382354,-1.304514784,257.9842535,235.9842535,70,4.390684121
2019-06-10T00:04:09,50.78381784,-1.304545609,257.9842914,230.9842914,70,4.390684121
2019-06-10T00:04:10,50.78381214,-1.304576435,257.9843294,268.9843294,68,4.390684121
2019-06-10T00:04:11,50.78380644,-1.304607261,257.9843673,240.9843673,70,4.390684121
2019-06-10T00:04:12,50.78380074,-1.304638087,257.9844052,246.9844052,72,4.390684121
2019-06-10T00:04:13,50.78379504,-1.304668912,257.9844431,263.9844431,77,4.390684121
2019-06-10T00:04:14,50.78378934,-1.304699738,257.984481,274.984481,80,4.390684121
2019-06-10T00:04:15,50.78378364,-1.304730564,257.9845189,268.9845189,83,4.390684121
2019-06-10T00:04:16,50.78377794,-1.30476139,257.9845569,240.9845569,84,4.390684121
2019-06-10T00:04:17,50.78377224,-1.304792215,257.9845948,260.9845948,84,4.386803712
2019-06-10T00:04:18,50.78376654,-1.304823041,257.9846327,277.9846327,81,4.390684121
2019-06-10T00:04:19,50.78376084,-1.304853867,257.9846706,267.9846706,86,4.390684121
2019-06-10T00:04:20,50.78375514,-1.304884693,257.9847085,227.9847085,86,4.390684121
2019-06-10T00:04:21,50.78374945,-1.304915518,257.9847464,233.9847464,82,4.390684121
2019-06-10T00:04:22,50.78374375,-1.304946344,257.9847843,227.9847843,85,4.390684121
2019-06-10T00:04:23,50.78373805,-1.30497717,257.9848223,268.9848223,90,4.390684121
2019-06-10T00:04:24,50.78373235,-1.305007996,257.9848602,250.9848602,94,4.390684121
2019-06-10T00:04:25,50.78372665,-1.305038821,257.9848981,276.9848981,99,4.394561107
2019-06-10T00:04:26,50.78372095,-1.305069647,257.984936,227.984936,100,4.394561107
2019-06-10T00:04:27,50.78371525,-1.305100473,257.9849739,262.9849739,97,4.390684121
2019-06-10T00:04:28,50.78370955,-1.305131299,257.9850118,276.9850118,97,4.390684121
2019-06-10T00:04:29,50.78370385,-1.305162124,257.9850497,242.9850497,99,4.390684121
2019-06-10T00:04:30,50.78369815,-1.30519295,257.9850876,274.9850876,99,4.390684121
2019-06-10T00:04:31,50.78369245,-1.305223776,257.9851255,233.9851255,98,4.390684121
2019-06-10T00:04:32,50.78368675,-1.305254601,257.9851634,232.9851634,94,4.390684121
2019-06-10T00:04:33,50.78368105,-1.305285427,257.9852014,258.9852014,90,4.390684121
2019-06-10T00:04:34,50.78367535,-1.305316253,257.9852393,252.9852393,93,4.390684121
2019-06-10T00:04:35,50.78366965,-1.305347079,257.9852772,265.9852772,93,4.390684121
2019-06-10T00:04:36,50.78366395,-1.305377904,257.9853151,235.9853151,97,4.390684121
2019-06-10T00:04:37,50.78365825,-1.30540873,257.985353,268.985353,100,4.390684121
2019-06-10T00:04:38,50.78365255,-1.305439556,257.9853909,263.9853909,99,4.390684121
2019-06-10T00:04:39,50.78364686,-1.305470382,257.9854288,287.9854288,100,4.390684121
2019-06-10T00:04:40,50.78364116,-1.305501207,257.9854667,232.9854667,96,4.390684121
2019-06-10T00:04:41,50.78363546,-1.305532033,257.9855046,273.9855046,96,4.390684121
2019-06-10T00:04:42,50.78362976,-1.305562859,257.9855425,232.9855425,99,4.390684121
2019-06-10T00:04:43,50.78362406,-1.305593685,257.9855804,248.9855804,96,4.390684121
2019-06-10T00:04:44,50.78361836,-1.30562451,257.9856183,227.9856183,98,4.390684121
2019-06-10T00:04:45,50.78361266,-1.305655336,257.9856562,277.9856562,93,4.390684121
2019-06-10T00:04:46,50.78360696,-1.305686162,257.9856941,239.9856941,94,4.390684121
2019-06-10T00:04:47,50.78360126,-1.305716988,257.985732,258.985732,92,4.390684121
2019-06-10T00:04:48,50.78359556,-1.305747813,257.9857699,230.9857699,94,4.390684121
2019-06-10T00:04:49,50.78358986,-1.305778639,257.9858078,267.9858078,97,4.390684121
2019-06-10T00:04:50,50.78358416,-1.305809465,257.9858457,267.9858457,93,4.390684121
2019-06-10T00:04:51,50.78357846,-1.305840291,257.9858836,286.9858836,91,4.390684121
2019-06-10T00:04:52,50.78357276,-1.305871116,257.9859215,259.9859215,93,4.390684121
2019-06-10T00:04:53,50.78356706,-1.305901942,257.9859594,275.9859594,94,4.390684121
2019-06-10T00:04:54,50.78356136,-1.305932768,257.9859972,249.9859972,90,4.390684121
2019-06-10T00:04:55,50.78355566,-1.305963594,257.9860351,252.9860351,87,4.390684121
2019-06-10T00:04:56,50.78354996,-1.305994419,257.986073,268.986073,85,4.390684121
2019-06-10T00:04:57,50.78354427,-1.306025245,257.9861109,239.9861109,84,4.390684121
2019-06-10T00:04:58,50.78353857,-1.306056071,257.9861488,231.9861488,89,4.390684121
2019-06-10T00:04:59,50.78353287,-1.306086896,257.9861867,227.9861867,92,4.390684121
2019-06-10T00:05:00,50.78352717,-1.306117722,257.9862246,275.9862246,87,4.390684121
2019-06-10T00:05:01,50.78352147,-1.306148548,257.9862625,237.9862625,90,4.390684121
2019-06-10T00:05:02,50.78351577,-1.306179374,257.9863004,238.9863004,86,4.390684121
2019-06-10T00:05:03,50.78351007,-1.306210199,257.9863383,241.9863383,88,4.390684121
2019-06-10T00:05:04,50.78350437,-1.306241025,257.9863762,252.9863762,93,4.390684121
2019-06-10T00:05:05,50.78349867,-1.306271851,257.986414,274.986414,88,4.394561107
2019-06-10T00:05:06,50.78349297,-1.306302677,257.9864519,276.9864519,89,4.390684121
2019-06-10T00:05:07,50.78348727,-1.306333502,257.9864898,254.9864898,93,4.390684121
2019-06-10T00:05:08,50.78348157,-1.306364328,257.9865277,258.9865277,92,4.394561107
2019-06-10T00:05:09,50.78347587,-1.306395154,257.9865656,287.9865656,97,4.390684121
2019-06-10T00:05:10,50.78347017,-1.30642598,257.9866035,264.9866035,98,4.386803712
2019-06-10T00:05:11,50.78346447,-1.306456805,257.9866413,227.9866413,96,4.390684121
2019-06-10T00:05:12,50.78345877,-1.306487631,257.9866792,236.9866792,95,4.390684121
2019-06-10T00:05:13,50.78345307,-1.306518457,257.9867171,265.9867171,97,4.390684121
2019-06-10T00:05:14,50.78344737,-1.306549283,257.986755,251.986755,94,4.390684121
2019-06-10T00:05:15,50.78344168,-1.306580108,257.9867929,263.9867929,97,4.390684121
2019-06-10T00:05:16,50.78343598,-1.306610934,257.9868308,271.9868308,95,4.394561107
2019-06-10T00:05:17,50.78343028,-1.30664176,257.9868686,274.9868686,96,4.390684121
2019-06-10T00:05:18,50.78342458,-1.306672586,257.9869065,234.9869065,91,4.390684121
2019-06-10T00:05:19,50.78341888,-1.306703411,257.9869444,279.9869444,91,4.390684121
2019-06-10T00:05:20,50.78341318,-1.306734237,257.9869823,251.9869823,95,4.390684121
2019-06-10T00:05:21,50.78340748,-1.306765063,257.9870201,232.9870201,97,4.390684121
2019-06-10T00:05:22,50.78340178,-1.306795889,257.987058,285.987058,94,4.390684121
2019-06-10T00:05:23,50.78339608,-1.306826714,257.9870959,242.9870959,93,4.394561107
2019-06-10T00:05:24,50.78339038,-1.30685754,257.9871338,255.9871338,93,4.390684121
2019-06-10T00:05:25,50.78338468,-1.306888366,257.9871716,278.9871716,98,4.390684121
2019-06-10T00:05:26,50.78337898,-1.306919191,257.9872095,228.9872095,99,4.394561107
2019-06-10T00:05:27,50.78337328,-1.306950017,257.9872474,280.9872474,97,4.390684121
2019-06-10T00:05:28,50.78336758,-1.306980843,257.9872853,271.9872853,99,4.398434675
2019-06-10T00:05:29,50.78336188,-1.307011669,257.9873231,279.9873231,98,4.390684121
2019-06-10T00:05:30,50.78335618,-1.307042494,257.987361,287.987361,94,4.390684121
2019-06-10T00:05:31,50.78335048,-1.30707332,257.9873989,255.9873989,99,4.390684121
2019-06-10T00:05:32,50.78334478,-1.307104146,257.9874368,252.9874368,99,4.390684121
2019-06-10T00:05:33,50.78333909,-1.307134972,257.9874746,243.9874746,99,4.390684121
2019-06-10T00:05:34,50.78333339,-1.307165797,257.9875125,247.9875125,99,4.390684121
2019-06-10T00:05:35,50.78332769,-1.307196623,257.9875504,276.9875504,96,4.390684121
2019-06-10T00:05:36,50.78332199,-1.307227449,257.9875882,271.9875882,96,4.390684121
2019-06-10T00:05:37,50.78331629,-1.307258275,257.9876261,279.9876261,92,4.390684121
2019-06-10T00:05:38,50.78331059,-1.3072891,257.987664,280.987664,89,4.390684121
2019-06-10T00:05:39,50.78330489,-1.307319926,257.9877018,231.9877018,94,4.390684121
2019-06-10T00:05:40,50.78329919,-1.307350752,257.9877397,262.9877397,98,4.390684121
2019-06-10T00:05:41,50.78329349,-1.307381578,257.9877776,249.9877776,99,4.390684121
2019-06-10T00:05:42,50.78328779,-1.307412403,257.9878154,246.9878154,100,4.390684121
2019-06-10T00:05:43,50.78328209,-1.307443229,257.9878533,259.9878533,95,4.390684121
2019-06-10T00:05:44,50.78327639,-1.307474055,257.9878911,281.9878911,90,4.394561107
2019-06-10T00:05:45,50.78327069,-1.307504881,257.987929,264.987929,95,4.394561107
2019-06-10T00:05:46,50.78326499,-1.307535706,257.9879669,284.9879669,96,4.390684121
2019-06-10T00:05:47,50.78325929,-1.307566532,257.9880047,241.9880047,97,4.394561107
2019-06-10T00:05:48,50.78325359,-1.307597358,257.9880426,243.9880426,99,4.394561107
2019-06-10T00:05:49,50.78324789,-1.307628184,257.9880805,252.9880805,99,4.390684121
2019-06-10T00:05:50,50.78324219,-1.307659009,257.9881183,255.9881183,95,4.390684121
2019-06-10T00:05:51,50.7832365,-1.307689835,257.9881562,227.9881562,95,4.390684121
2019-06-10T00:05:52,50.7832308,-1.307720661,257.988194,266.988194,95,4.390684121
2019-06-10T00:05:53,50.7832251,-1.307751486,257.9882319,238.9882319,91,4.390684121
2019-06-10T00:05:54,50.7832194,-1.307782312,257.9882697,278.9882697,96,4.390684121
2019-06-10T00:05:55,50.7832137,-1.307813138,257.9883076,239.9883076,100,4.398434675
2019-06-10T00:05:56,50.783208,-1.307843964,257.9883455,267.9883455,98,4.394561107
2019-06-10T00:05:57,50.7832023,-1.307874789,257.9883833,279.9883833,94,4.390684121
2019-06-10T00:05:58,50.7831966,-1.307905615,257.9884212,278.9884212,92,4.390684121
2019-06-10T00:05:59,50.7831909,-1.307936441,257.988459,238.988459,97,4.390684121
2019-06-10T00:06:00,50.7831852,-1.307967267,257.9884969,269.9884969,97,4.390684121
2019-06-10T00:06:01,50.7831795,-1.307998092,257.9885347,277.9885347,96,4.390684121
2019-06-10T00:06:02,50.7831738,-1.308028918,257.9885726,276.9885726,98,4.390684121
2019-06-10T00:06:03,50.7831681,-1.308059744,257.9886104,236.9886104,99,4.386803712
2019-06-10T00:06:04,50.7831624,-1.30809057,257.9886483,243.9886483,97,4.386803712
2019-06-10T00:06:05,50.7831567,-1.308121395,257.9886861,240.9886861,98,4.390684121
2019-06-10T00:06:06,50.783151,-1.308152221,257.988724,284.988724,100,4.390684121
2019-06-10T00:06:07,50.7831453,-1.308183047,257.9887618,278.9887618,96,4.390684121
2019-06-10T00:06:08,50.7831396,-1.308213873,257.9887997,254.9887997,99,4.390684121
2019-06-10T00:06:09,50.78313391,-1.308244698,257.9888375,261.9888375,98,4.390684121
2019-06-10T00:06:10,50.78312821,-1.308275524,257.9888754,251.9888754,95,4.390684121
2019-06-10T00:06:11,50.78312251,-1.30830635,257.9889132,286.9889132,92,4.390684121
2019-06-10T00:06:12,50.78311681,-1.308337176,257.9889511,255.9889511,92,4.398434675
2019-06-10T00:06:13,50.78311111,-1.308368001,257.9889889,250.9889889,95,4.390684121
2019-06-10T00:06:14,50.78310541,-1.308398827,257.9890267,276.9890267,99,4.390684121
2019-06-10T00:06:15,50.78309971,-1.308429653,257.9890646,256.9890646,97,4.390684121
2019-06-10T00:06:16,50.78309401,-1.308460479,257.9891024,276.9891024,96,4.386803712
2019-06-10T00:06:17,50.78308831,-1.308491304,257.9891403,234.9891403,98,4.390684121
2019-06-10T00:06:18,50.78308261,-1.30852213,257.9891781,287.9891781,98,4.390684121
2019-06-10T00:06:19,50.78307691,-1.308552956,257.989216,281.989216,96,4.390684121
2019-06-10T00:06:20,50.78307121,-1.308583781,257.9892538,229.9892538,97,4.390684121
2019-06-10T00:06:21,50.78306551,-1.308614607,257.9892916,284.9892916,92,4.390684121
2019-06-10T00:06:22,50.78305981,-1.308645433,257.9893295,274.9893295,89,4.394561107
2019-06-10T00:06:23,50.78305411,-1.308676259,257.9893673,239.9893673,94,4.390684121
2019-06-10T00:06:24,50.78304841,-1.308707084,257.9894052,253.9894052,91,4.390684121
2019-06-10T00:06:25,50.78304271,-1.30873791,257.989443,230.989443,88,4.390684121
2019-06-10T00:06:26,50.78303701,-1.308768736,257.9894808,240.9894808,91,4.390684121
2019-06-10T00:06:27,50.78303132,-1.308799562,257.9895187,261.9895187,87,4.390684121
2019-06-10T00:06:28,50.78302562,-1.308830387,257.9895565,262.9895565,89,4.386803712
2019-06-10T00:06:29,50.78301992,-1.308861213,257.9895943,264.9895943,94,4.390684121
2019-06-10T00:06:30,50.78301422,-1.308892039,257.9896322,263.9896322,95,4.390684121
2019-06-10T00:06:31,50.78300852,-1.308922865,257.98967,278.98967,100,4.390684121
2019-06-10T00:06:32,50.78300282,-1.30895369,257.9897078,258.9897078,96,4.390684121
2019-06-10T00:06:33,50.78299712,-1.308984516,257.9897457,242.9897457,92,4.390684121
2019-06-10T00:06:34,50.78299142,-1.309015342,257.9897835,247.9897835,91,4.390684121
2019-06-10T00:06:35,50.78298572,-1.309046168,257.9898213,255.9898213,94,4.394561107
2019-06-10T00:06:36,50.78298002,-1.309076993,257.9898592,261.9898592,89,4.390684121
2019-06-10T00:06:37,50.78297432,-1.309107819,257.989897,277.989897,91,4.390684121
2019-06-10T00:06:38,50.78296862,-1.309138645,257.9899348,273.9899348,87,4.390684121
2019-06-10T00:06:39,50.78296292,-1.309169471,257.9899727,235.9899727,85,4.390684121
2019-06-10T00:06:40,50.78295722,-1.309200296,257.9900105,278.9900105,82,4.390684121
2019-06-10T00:06:41,50.78295152,-1.309231122,257.9900483,240.9900483,83,4.390684121
2019-06-10T00:06:42,50.78294582,-1.309261948,257.9900861,255.9900861,87,4.390684121
2019-06-10T00:06:43,50.78294012,-1.309292774,257.990124,260.990124,84,4.390684121
2019-06-10T00:06:44,50.78293442,-1.309323599,257.9901618,261.9901618,89,4.390684121
2019-06-10T00:06:45,50.78292873,-1.309354425,257.9901996,262.9901996,88,4.390684121
2019-06-10T00:06:46,50.78292303,-1.309385251,257.9902374,280.9902374,86,4.390684121
2019-06-10T00:06:47,50.78291733,-1.309416076,257.9902753,248.9902753,89,4.390684121
2019-06-10T00:06:48,50.78291163,-1.309446902,257.9903131,276.9903131,85,4.390684121
2019-06-10T00:06:49,50.78290593,-1.309477728,257.9903509,268.9903509,85,4.386803712
2019-06-10T00:06:50,50.78290023,-1.309508554,257.9903887,280.9903887,85,4.390684121
2019-06-10T00:06:51,50.78289453,-1.309539379,257.9904266,264.9904266,87,4.394561107
2019-06-10T00:06:52,50.78288883,-1.309570205,257.9904644,284.9904644,86,4.390684121
2019-06-10T00:06:53,50.78288313,-1.309601031,257.9905022,232.9905022,89,4.390684121
2019-06-10T00:06:54,50.78287743,-1.309631857,257.99054,234.99054,87,4.394561107
2019-06-10T00:06:55,50.78287173,-1.309662682,257.9905778,287.9905778,92,4.390684121
2019-06-10T00:06:56,50.78286603,-1.309693508,257.9906157,235.9906157,90,4.394561107
2019-06-10T00:06:57,50.78286033,-1.309724334,257.9906535,245.9906535,91,4.390684121
2019-06-10T00:06:58,50.78285463,-1.30975516,257.9906913,276.9906913,96,4.390684121
2019-06-10T00:06:59,50.78284893,-1.309785985,257.9907291,235.9907291,92,4.386803712
2019-06-10T00:07:00,50.78284323,-1.309816811,257.9907669,267.9907669,89,4.390684121
2019-06-10T00:07:01,50.78283753,-1.309847637,257.9908047,236.9908047,92,4.390684121
2019-06-10T00:07:02,50.78283183,-1.309878463,257.9908426,246.9908426,97,4.390684121
2019-06-10T00:07:03,50.78282614,-1.309909288,257.9908804,251.9908804,96,4.390684121
2019-06-10T00:07:04,50.78282044,-1.309940114,257.9909182,270.9909182,92,4.390684121
2019-06-10T00:07:05,50.78281474,-1.30997094,257.990956,238.990956,97,4.390684121
2019-06-10T00:07:06,50.78280904,-1.310001766,257.9909938,281.9909938,99,4.390684121
2019-06-10T00:07:07,50.78280334,-1.310032591,257.9910316,262.9910316,96,4.386803712
2019-06-10T00:07:08,50.78279764,-1.310063417,257.9910694,241.9910694,98,4.390684121
2019-06-10T00:07:09,50.78279194,-1.310094243,257.9911072,287.9911072,94,4.390684121
2019-06-10T00:07:10,50.78278624,-1.310125069,257.9911451,273.9911451,91,4.390684121
2019-06-10T00:07:11,50.78278054,-1.310155894,257.9911829,238.9911829,88,4.390684121
2019-06-10T00:07:12,50.78277484,-1.31018672,257.9912207,275.9912207,91,4.390684121
2019-06-10T00:07:13,50.78276914,-1.310217546,257.9912585,239.9912585,88,4.390684121
2019-06-10T00:07:14,50.78276344,-1.310248371,257.9912963,260.9912963,83,4.390684121
2019-06-10T00:07:15,50.78275774,-1.310279197,257.9913341,231.9913341,80,4.390684121
2019-06-10T00:07:16,50.78275204,-1.310310023,257.9913719,259.9913719,76,4.390684121
2019-06-10T00:07:17,50.78274634,-1.310340849,257.9914097,279.9914097,73,4.390684121
2019-06-10T00:07:18,50.78274064,-1.310371674,257.9914475,287.9914475,78,4.390684121
2019-06-10T00:07:19,50.78273494,-1.3104025,257.9914853,235.9914853,80,4.390684121
2019-06-10T00:07:20,50.78272924,-1.310433326,257.9915231,285.9915231,76,4.390684121
2019-06-10T00:07:21,50.78272355,-1.310464152,257.9915609,234.9915609,78,4.390684121
2019-06-10T00:07:22,50.78271785,-1.310494977,257.9915987,266.9915987,80,4.390684121
2019-06-10T00:07:23,50.78271215,-1.310525803,257.9916365,237.9916365,78,4.390684121
2019-06-10T00:07:24,50.78270645,-1.310556629,257.9916743,253.9916743,82,4.390684121
2019-06-10T00:07:25,50.78270075,-1.310587455,257.9917121,235.9917121,78,4.390684121
2019-06-10T00:07:26,50.78269505,-1.31061828,257.9917499,244.9917499,83,4.386803712
2019-06-10T00:07:27,50.78268935,-1.310649106,257.9917877,273.9917877,87,4.386803712
2019-06-10T00:07:28,50.78268365,-1.310679932,257.9918255,285.9918255,90,4.390684121
2019-06-10T00:07:29,50.78267795,-1.310710758,257.9918633,280.9918633,91,4.394561107
2019-06-10T00:07:30,50.78267225,-1.310741583,257.9919011,269.9919011,92,4.394561107
2019-06-10T00:07:31,50.78266655,-1.310772409,257.9919389,287.9919389,92,4.390684121
2019-06-10T00:07:32,50.78266085,-1.310803235,257.9919767,270.9919767,91,4.390684121
2019-06-10T00:07:33,50.78265515,-1.310834061,257.9920145,240.9920145,86,4.390684121
2019-06-10T00:07:34,50.78264945,-1.310864886,257.9920523,245.9920523,82,4.390684121
2019-06-10T00:07:35,50.78264375,-1.310895712,257.9920901,251.9920901,77,4.394561107
2019-06-10T00:07:36,50.78263805,-1.310926538,257.9921279,244.9921279,79,4.390684121
2019-06-10T00:07:37,50.78263235,-1.310957364,257.9921657,245.9921657,80,4.390684121
2019-06-10T00:07:38,50.78262665,-1.310988189,257.9922035,251.9922035,83,4.390684121
2019-06-10T00:07:39,50.78262096,-1.311019015,257.9922413,239.9922413,82,4.390684121
2019-06-10T00:07:40,50.78261526,-1.311049841,257.9922791,227.9922791,78,4.390684121
2019-06-10T00:07:41,50.78260956,-1.311080666,257.9923169,278.9923169,74,4.390684121
2019-06-10T00:07:42,50.78260386,-1.311111492,257.9923547,231.9923547,69,4.390684121
2019-06-10T00:07:43,50.78259816,-1.311142318,257.9923924,271.9923924,71,4.390684121
2019-06-10T00:07:44,50.78259246,-1.311173144,257.9924302,277.9924302,68,4.390684121
2019-06-10T00:07:45,50.78258676,-1.311203969,257.992468,229.992468,64,4.390684121
2019-06-10T00:07:46,50.78258106,-1.311234795,257.9925058,248.9925058,68,4.390684121
2019-06-10T00:07:47,50.78257536,-1.311265621,257.9925436,262.9925436,72,4.390684121
2019-06-10T00:07:48,50.78256966,-1.311296447,257.9925814,250.9925814,73,4.390684121
2019-06-10T00:07:49,50.78256396,-1.311327272,257.9926192,271.9926192,74,4.390684121
2019-06-10T00:07:50,50.78255826,-1.311358098,257.992657,250.992657,75,4.390684121
2019-06-10T00:07:51,50.78255256,-1.311388924,257.9926947,270.9926947,78,4.390684121
2019-06-10T00:07:52,50.78254686,-1.31141975,257.9927325,280.9927325,75,4.390684121
2019-06-10T00:07:53,50.78254116,-1.311450575,257.9927703,276.9927703,78,4.390684121
2019-06-10T00:07:54,50.78253546,-1.311481401,257.9928081,248.9928081,82,4.386803712
2019-06-10T00:07:55,50.78252976,-1.311512227,257.9928459,246.9928459,82,4.390684121
2019-06-10T00:07:56,50.78252406,-1.311543053,257.9928837,250.9928837,84,4.390684121
2019-06-10T00:07:57,50.78251837,-1.311573878,257.9929214,236.9929214,79,4.390684121
2019-06-10T00:07:58,50.78251267,-1.311604704,257.9929592,257.9929592,83,4.394561107
2019-06-10T00:07:59,50.78250697,-1.31163553,257.992997,241.992997,84,4.390684121
2019-06-10T00:08:00,50.78250127,-1.311666356,257.9930348,259.9930348,84,4.394561107
2019-06-10T00:08:01,50.78249557,-1.311697181,257.9930726,238.9930726,89,4.390684121
2019-06-10T00:08:02,50.78248987,-1.311728007,257.9931103,253.9931103,94,4.390684121
2019-06-10T00:08:03,50.78248417,-1.311758833,257.9931481,269.9931481,98,4.390684121
2019-06-10T00:08:04,50.78247847,-1.311789659,257.9931859,284.9931859,100,4.390684121
2019-06-10T00:08:05,50.78247277,-1.311820484,257.9932237,255.9932237,95,4.390684121
2019-06-10T00:08:06,50.78246707,-1.31185131,257.9932614,274.9932614,99,4.382919865
2019-06-10T00:08:07,50.78246137,-1.311882136,257.9932992,227.9932992,96,4.390684121
2019-06-10T00:08:08,50.78245567,-1.311912961,257.993337,250.993337,98,4.390684121
2019-06-10T00:08:09,50.78244997,-1.311943787,257.9933748,258.9933748,99,4.390684121
2019-06-10T00:08:10,50.78244427,-1.311974613,257.9934125,249.9934125,95,4.390684121
2019-06-10T00:08:11,50.78243857,-1.312005439,257.9934503,274.9934503,96,4.394561107
2019-06-10T00:08:12,50.78243287,-1.312036264,257.9934881,270.9934881,94,4.398434675
2019-06-10T00:08:13,50.78242717,-1.31206709,257.9935259,283.9935259,92,4.398434675
2019-06-10T00:08:14,50.78242147,-1.312097916,257.9935636,268.9935636,96,4.390684121
2019-06-10T00:08:15,50.78241578,-1.312128742,257.9936014,234.9936014,99,4.390684121
2019-06-10T00:08:16,50.78241008,-1.312159567,257.9936392,256.9936392,97,4.390684121
2019-06-10T00:08:17,50.78240438,-1.312190393,257.9936769,244.9936769,92,4.390684121
2019-06-10T00:08:18,50.78239868,-1.312221219,257.9937147,257.9937147,97,4.390684121
2019-06-10T00:08:19,50.78239298,-1.312252045,257.9937525,251.9937525,99,4.390684121
2019-06-10T00:08:20,50.78238728,-1.31228287,257.9937902,252.9937902,94,4.390684121
2019-06-10T00:08:21,50.78238158,-1.312313696,257.993828,230.993828,94,4.390684121
2019-06-10T00:08:22,50.78237588,-1.312344522,257.9938658,260.9938658,92,4.390684121
2019-06-10T00:08:23,50.78237018,-1.312375348,257.9939035,282.9939035,92,4.390684121
2019-06-10T00:08:24,50.78236448,-1.312406173,257.9939413,287.9939413,97,4.390684121
2019-06-10T00:08:25,50.78235878,-1.312436999,257.9939791,230.9939791,98,4.390684121
2019-06-10T00:08:26,50.78235308,-1.312467825,257.9940168,241.9940168,94,4.390684121
2019-06-10T00:08:27,50.78234738,-1.312498651,257.9940546,256.9940546,95,4.390684121
2019-06-10T00:08:28,50.78234168,-1.312529476,257.9940924,274.9940924,92,4.390684121
2019-06-10T00:08:29,50.78233598,-1.312560302,257.9941301,260.9941301,93,4.390684121
2019-06-10T00:08:30,50.78233028,-1.312591128,257.9941679,281.9941679,97,4.390684121
2019-06-10T00:08:31,50.78232458,-1.312621954,257.9942056,228.9942056,98,4.390684121
2019-06-10T00:08:32,50.78231888,-1.312652779,257.9942434,274.9942434,97,4.394561107
2019-06-10T00:08:33,50.78231319,-1.312683605,257.9942812,259.9942812,93,4.390684121
2019-06-10T00:08:34,50.78230749,-1.312714431,257.9943189,286.9943189,96,4.390684121
2019-06-10T00:08:35,50.78230179,-1.312745256,257.9943567,285.9943567,100,4.390684121
2019-06-10T00:08:36,50.78229609,-1.312776082,257.9943944,282.9943944,95,4.394561107
2019-06-10T00:08:37,50.78229039,-1.312806908,257.9944322,245.9944322,93,4.394561107
2019-06-10T00:08:38,50.78228469,-1.312837734,257.9944699,287.9944699,91,4.390684121
2019-06-10T00:08:39,50.78227899,-1.312868559,257.9945077,274.9945077,96,4.390684121
2019-06-10T00:08:40,50.78227329,-1.312899385,257.9945455,255.9945455,93,4.386803712
2019-06-10T00:08:41,50.78226759,-1.312930211,257.9945832,229.9945832,98,4.390684121
2019-06-10T00:08:42,50.78226189,-1.312961037,257.994621,250.994621,95,4.390684121
2019-06-10T00:08:43,50.78225619,-1.312991862,257.9946587,229.9946587,90,4.390684121
2019-06-10T00:08:44,50.78225049,-1.313022688,257.9946965,229.9946965,86,4.390684121
2019-06-10T00:08:45,50.78224479,-1.313053514,257.9947342,230.9947342,88,4.390684121
2019-06-10T00:08:46,50.78223909,-1.31308434,257.994772,236.994772,89,4.390684121
2019-06-10T00:08:47,50.78223339,-1.313115165,257.9948097,263.9948097,91,4.390684121
2019-06-10T00:08:48,50.78222769,-1.313145991,257.9948475,252.9948475,91,4.390684121
2019-06-10T00:08:49,50.78222199,-1.313176817,257.9948852,253.9948852,93,4.390684121
2019-06-10T00:08:50,50.78221629,-1.313207643,257.994923,252.994923,93,4.390684121
2019-06-10T00:08:51,50.7822106,-1.313238468,257.9949607,238.9949607,90,4.386803712
2019-06-10T00:08:52,50.7822049,-1.313269294,257.9949985,230.9949985,87,4.390684121
2019-06-10T00:08:53,50.7821992,-1.31330012,257.9950362,277.9950362,83,4.390684121
2019-06-10T00:08:54,50.7821935,-1.313330946,257.995074,284.995074,86,4.386803712
2019-06-10T00:08:55,50.7821878,-1.313361771,257.9951117,231.9951117,84,4.390684121
2019-06-10T00:08:56,50.7821821,-1.313392597,257.9951494,269.9951494,89,4.390684121
2019-06-10T00:08:57,50.7821764,-1.313423423,257.9951872,238.9951872,94,4.390684121
2019-06-10T00:08:58,50.7821707,-1.313454249,257.9952249,233.9952249,92,4.390684121
2019-06-10T00:08:59,50.782165,-1.313485074,257.9952627,238.9952627,93,4.390684121
2019-06-10T00:09:00,50.7821593,-1.3135159,257.9953004,249.9953004,97,4.390684121
2019-06-10T00:09:01,50.7821536,-1.313546726,257.9953382,253.9953382,93,4.390684121
2019-06-10T00:09:02,50.7821479,-1.313577551,257.9953759,242.9953759,88,4.390684121
2019-06-10T00:09:03,50.7821422,-1.313608377,257.9954136,281.9954136,85,4.390684121
2019-06-10T00:09:04,50.7821365,-1.313639203,257.9954514,262.9954514,90,4.390684121
2019-06-10T00:09:05,50.7821308,-1.313670029,257.9954891,234.9954891,94,4.390684121
2019-06-10T00:09:06,50.7821251,-1.313700854,257.9955269,264.9955269,95,4.390684121
2019-06-10T00:09:07,50.7821194,-1.31373168,257.9955646,272.9955646,97,4.390684121
2019-06-10T00:09:08,50.7821137,-1.313762506,257.9956023,280.9956023,95,4.390684121
2019-06-10T00:09:09,50.78210801,-1.313793332,257.9956401,270.9956401,95,4.390684121
2019-06-10T00:09:10,50.78210231,-1.313824157,257.9956778,262.9956778,97,4.390684121
2019-06-10T00:09:11,50.78209661,-1.313854983,257.9957155,269.9957155,99,4.390684121
2019-06-10T00:09:12,50.78209091,-1.313885809,257.9957533,252.9957533,94,4.390684121
2019-06-10T00:09:13,50.78208521,-1.313916635,257.995791,287.995791,90,4.390684121
2019-06-10T00:09:14,50.78207951,-1.31394746,257.9958288,276.9958288,86,4.390684121
2019-06-10T00:09:15,50.78207381,-1.313978286,257.9958665,259.9958665,83,4.390684121
2019-06-10T00:09:16,50.78206811,-1.314009112,257.9959042,258.9959042,80,4.390684121
2019-06-10T00:09:17,50.78206241,-1.314039938,257.995942,244.995942,80,4.390684121
2019-06-10T00:09:18,50.78205671,-1.314070763,257.9959797,264.9959797,81,4.390684121
2019-06-10T00:09:19,50.78205101,-1.314101589,257.9960174,230.9960174,86,4.390684121
2019-06-10T00:09:20,50.78204531,-1.314132415,257.9960551,252.9960551,83,4.390684121
2019-06-10T00:09:21,50.78203961,-1.314163241,257.9960929,268.9960929,81,4.390684121
2019-06-10T00:09:22,50.78203391,-1.314194066,257.9961306,238.9961306,80,4.386803712
2019-06-10T00:09:23,50.78202821,-1.314224892,257.9961683,254.9961683,75,4.390684121
2019-06-10T00:09:24,50.78202251,-1.314255718,257.9962061,258.9962061,76,4.394561107
2019-06-10T00:09:25,50.78201681,-1.314286544,257.9962438,255.9962438,78,4.390684121
2019-06-10T00:09:26,50.78201111,-1.314317369,257.9962815,276.9962815,77,4.390684121
2019-06-10T00:09:27,50.78200542,-1.314348195,257.9963192,281.9963192,81,4.390684121
2019-06-10T00:09:28,50.78199972,-1.314379021,257.996357,266.996357,79,4.390684121
2019-06-10T00:09:29,50.78199402,-1.314409846,257.9963947,279.9963947,81,4.390684121
2019-06-10T00:09:30,50.78198832,-1.314440672,257.9964324,282.9964324,81,4.390684121
2019-06-10T00:09:31,50.78198262,-1.314471498,257.9964701,253.9964701,84,4.390684121
2019-06-10T00:09:32,50.78197692,-1.314502324,257.9965079,231.9965079,87,4.390684121
2019-06-10T00:09:33,50.78197122,-1.314533149,257.9965456,242.9965456,91,4.390684121
2019-06-10T00:09:34,50.78196552,-1.314563975,257.9965833,267.9965833,87,4.382919865
2019-06-10T00:09:35,50.78195982,-1.314594801,257.996621,228.996621,82,4.390684121
2019-06-10T00:09:36,50.78195412,-1.314625627,257.9966587,245.9966587,81,4.394561107
2019-06-10T00:09:37,50.78194842,-1.314656452,257.9966965,256.9966965,80,4.390684121
2019-06-10T00:09:38,50.78194272,-1.314687278,257.9967342,267.9967342,80,4.390684121
2019-06-10T00:09:39,50.78193702,-1.314718104,257.9967719,283.9967719,82,4.390684121
2019-06-10T00:09:40,50.78193132,-1.31474893,257.9968096,277.9968096,84,4.390684121
2019-06-10T00:09:41,50.78192562,-1.314779755,257.9968473,264.9968473,89,4.390684121
2019-06-10T00:09:42,50.78191992,-1.314810581,257.9968851,252.9968851,88,4.390684121
2019-06-10T00:09:43,50.78191422,-1.314841407,257.9969228,282.9969228,86,4.390684121
2019-06-10T00:09:44,50.78190852,-1.314872233,257.9969605,263.9969605,81,4.390684121
2019-06-10T00:09:45,50.78190283,-1.314903058,257.9969982,236.9969982,83,4.390684121
2019-06-10T00:09:46,50.78189713,-1.314933884,257.9970359,284.9970359,82,4.390684121
2019-06-10T00:09:47,50.78189143,-1.31496471,257.9970736,283.9970736,80,4.390684121
2019-06-10T00:09:48,50.78188573,-1.314995536,257.9971113,277.9971113,75,4.390684121
2019-06-10T00:09:49,50.78188003,-1.315026361,257.9971491,247.9971491,71,4.394561107
2019-06-10T00:09:50,50.78187433,-1.315057187,257.9971868,268.9971868,75,4.394561107
2019-06-10T00:09:51,50.78186863,-1.315088013,257.9972245,240.9972245,76,4.390684121
2019-06-10T00:09:52,50.78186293,-1.315118839,257.9972622,275.9972622,78,4.390684121
2019-06-10T00:09:53,50.78185723,-1.315149664,257.9972999,234.9972999,83,4.390684121
2019-06-10T00:09:54,50.78185153,-1.31518049,257.9973376,249.9973376,83,4.390684121
2019-06-10T00:09:55,50.78184583,-1.315211316,257.9973753,264.9973753,85,4.390684121
2019-06-10T00:09:56,50.78184013,-1.315242141,257.997413,272.997413,80,4.390684121
2019-06-10T00:09:57,50.78183443,-1.315272967,257.9974507,228.9974507,81,4.390684121
2019-06-10T00:09:58,50.78182873,-1.315303793,257.9974884,235.9974884,77,4.390684121
2019-06-10T00:09:59,50.78182303,-1.315334619,257.9975262,242.9975262,74,4.390684121
2019-06-10T00:10:00,50.78181733,-1.315365444,257.9975639,268.9975639,76,4.390684121
2019-06-10T00:10:01,50.78181163,-1.31539627,257.9976016,248.9976016,78,4.386803712
2019-06-10T00:10:02,50.78180593,-1.315427096,257.9976393,232.9976393,73,4.390684121
2019-06-10T00:10:03,50.78180024,-1.315457922,257.997677,282.997677,78,4.394561107
2019-06-10T00:10:04,50.78179454,-1.315488747,257.9977147,287.9977147,74,4.390684121
2019-06-10T00:10:05,50.78178884,-1.315519573,257.9977524,242.9977524,73,4.390684121
2019-06-10T00:10:06,50.78178314,-1.315550399,257.9977901,227.9977901,78,4.394561107
2019-06-10T00:10:07,50.78177744,-1.315581225,257.9978278,254.9978278,80,4.390684121
2019-06-10T00:10:08,50.78177174,-1.31561205,257.9978655,280.9978655,85,4.390684121
2019-06-10T00:10:09,50.78176604,-1.315642876,257.9979032,268.9979032,88,4.390684121
2019-06-10T00:10:10,50.78176034,-1.315673702,257.9979409,254.9979409,92,4.390684121
2019-06-10T00:10:11,50.78175464,-1.315704528,257.9979786,278.9979786,95,4.390684121
2019-06-10T00:10:12,50.78174894,-1.315735353,257.9980163,275.9980163,95,4.390684121
2019-06-10T00:10:13,50.78174324,-1.315766179,257.998054,239.998054,99,4.390684121
2019-06-10T00:10:14,50.78173754,-1.315797005,257.9980917,250.9980917,96,4.390684121
2019-06-10T00:10:15,50.78173184,-1.315827831,257.9981294,264.9981294,91,4.390684121
2019-06-10T00:10:16,50.78172614,-1.315858656,257.9981671,269.9981671,89,4.386803712
2019-06-10T00:10:17,50.78172044,-1.315889482,257.9982048,249.9982048,86,4.390684121
2019-06-10T00:10:18,50.78171474,-1.315920308,257.9982425,250.9982425,88,4.390684121
2019-06-10T00:10:19,50.78170904,-1.315951134,257.9982802,261.9982802,83,4.390684121
2019-06-10T00:10:20,50.78170334,-1.315981959,257.9983178,276.9983178,85,4.394561107
2019-06-10T00:10:21,50.78169765,-1.316012785,257.9983555,276.9983555,89,4.390684121
2019-06-10T00:10:22,50.78169195,-1.316043611,257.9983932,270.9983932,84,4.390684121
2019-06-10T00:10:23,50.78168625,-1.316074436,257.9984309,239.9984309,87,4.394561107
2019-06-10T00:10:24,50.78168055,-1.316105262,257.9984686,262.9984686,84,4.390684121
2019-06-10T00:10:25,50.78167485,-1.316136088,257.9985063,271.9985063,85,4.390684121
2019-06-10T00:10:26,50.78166915,-1.316166914,257.998544,261.998544,87,4.390684121
2019-06-10T00:10:27,50.78166345,-1.316197739,257.9985817,277.9985817,88,4.390684121
2019-06-10T00:10:28,50.78165775,-1.316228565,257.9986194,271.9986194,86,4.394561107
2019-06-10T00:10:29,50.78165205,-1.316259391,257.9986571,246.9986571,81,4.390684121
2019-06-10T00:10:30,50.78164635,-1.316290217,257.9986948,239.9986948,76,4.390684121
2019-06-10T00:10:31,50.78164065,-1.316321042,257.9987324,283.9987324,80,4.390684121
2019-06-10T00:10:32,50.78163495,-1.316351868,257.9987701,254.9987701,82,4.390684121
2019-06-10T00:10:33,50.78162925,-1.316382694,257.9988078,285.9988078,77,4.390684121
2019-06-10T00:10:34,50.78162355,-1.31641352,257.9988455,261.9988455,81,4.390684121
2019-06-10T00:10:35,50.78161785,-1.316444345,257.9988832,284.9988832,86,4.390684121
2019-06-10T00:10:36,50.78161215,-1.316475171,257.9989209,250.9989209,84,4.386803712
2019-06-10T00:10:37,50.78160645,-1.316505997,257.9989585,285.9989585,89,4.390684121
2019-06-10T00:10:38,50.78160075,-1.316536823,257.9989962,280.9989962,86,4.390684121
2019-06-10T00:10:39,50.78159506,-1.316567648,257.9990339,230.9990339,84,4.390684121
2019-06-10T00:10:40,50.78158936,-1.316598474,257.9990716,232.9990716,84,4.390684121
2019-06-10T00:10:41,50.78158366,-1.3166293,257.9991093,277.9991093,83,4.390684121
2019-06-10T00:10:42,50.78157796,-1.316660126,257.999147,284.999147,84,4.390684121
2019-06-10T00:10:43,50.78157226,-1.316690951,257.9991846,273.9991846,84,4.390684121
2019-06-10T00:10:44,50.78156656,-1.316721777,257.9992223,227.9992223,88,4.390684121
2019-06-10T00:10:45,50.78156086,-1.316752603,257.99926,237.99926,91,4.390684121
2019-06-10T00:10:46,50.78155516,-1.316783429,257.9992977,246.9992977,86,4.390684121
2019-06-10T00:10:47,50.78154946,-1.316814254,257.9993353,259.9993353,85,4.390684121
2019-06-10T00:10:48,50.78154376,-1.31684508,257.999373,233.999373,89,4.390684121
2019-06-10T00:10:49,50.78153806,-1.316875906,257.9994107,274.9994107,85,4.390684121
2019-06-10T00:10:50,50.78153236,-1.316906731,257.9994484,229.9994484,88,4.386803712
2019-06-10T00:10:51,50.78152666,-1.316937557,257.999486,262.999486,88,4.390684121
2019-06-10T00:10:52,50.78152096,-1.316968383,257.9995237,282.9995237,84,4.390684121
2019-06-10T00:10:53,50.78151526,-1.316999209,257.9995614,267.9995614,80,4.398434675
2019-06-10T00:10:54,50.78150956,-1.317030034,257.9995991,231.9995991,76,4.390684121
2019-06-10T00:10:55,50.78150386,-1.31706086,257.9996367,231.9996367,76,4.390684121
2019-06-10T00:10:56,50.78149816,-1.317091686,257.9996744,243.9996744,78,4.390684121
2019-06-10T00:10:57,50.78149247,-1.317122512,257.9997121,238.9997121,82,4.390684121
2019-06-10T00:10:58,50.78148677,-1.317153337,257.9997498,264.9997498,79,4.390684121
2019-06-10T00:10:59,50.78148107,-1.317184163,257.9997874,235.9997874,74,4.390684121
2019-06-10T00:11:00,50.78147537,-1.317214989,257.9998251,227.9998251,71,4.390684121
2019-06-10T00:11:01,50.78146967,-1.317245815,257.9998628,230.9998628,71,4.390684121
2019-06-10T00:11:02,50.78146397,-1.31727664,257.9999004,266.9999004,76,4.390684121
2019-06-10T00:11:03,50.78145827,-1.317307466,257.9999381,246.9999381,79,4.390684121
2019-06-10T00:11:04,50.78145257,-1.317338292,257.9999758,264.9999758,83,4.390684121
2019-06-10T00:11:05,50.78144687,-1.317369118,258.0000134,257.0000134,83,4.386803712
2019-06-10T00:11:06,50.78144117,-1.317399943,258.0000511,272.0000511,84,4.390684121
2019-06-10T00:11:07,50.78143547,-1.317430769,258.0000888,247.0000888,86,4.390684121
2019-06-10T00:11:08,50.78142977,-1.317461595,258.0001264,256.0001264,86,4.390684121
2019-06-10T00:11:09,50.78142407,-1.317492421,258.0001641,279.0001641,85,4.390684121
2019-06-10T00:11:10,50.78141837,-1.317523246,258.0002018,258.0002018,83,4.390684121
2019-06-10T00:11:11,50.78141267,-1.317554072,258.0002394,273.0002394,80,4.390684121
2019-06-10T00:11:12,50.78140697,-1.317584898,258.0002771,251.0002771,85,4.390684121
2019-06-10T00:11:13,50.78140127,-1.317615724,258.0003147,276.0003147,80,4.390684121
2019-06-10T00:11:14,50.78139557,-1.317646549,258.0003524,264.0003524,76,4.390684121
2019-06-10T00:11:15,50.78138988,-1.317677375,258.0003901,250.0003901,78,4.390684121
2019-06-10T00:11:16,50.78138418,-1.317708201,258.0004277,252.0004277,81,4.390684121
2019-06-10T00:11:17,50.78137848,-1.317739026,258.0004654,251.0004654,80,4.390684121
2019-06-10T00:11:18,50.78137278,-1.317769852,258.000503,233.000503,76,4.386803712
2019-06-10T00:11:19,50.78136708,-1.317800678,258.0005407,248.0005407,77,4.390684121
2019-06-10T00:11:20,50.78136138,-1.317831504,258.0005783,245.0005783,76,4.390684121
2019-06-10T00:11:21,50.78135568,-1.317862329,258.000616,245.000616,72,4.390684121
2019-06-10T00:11:22,50.78134998,-1.317893155,258.0006537,247.0006537,77,4.390684121
2019-06-10T00:11:23,50.78134428,-1.317923981,258.0006913,275.0006913,78,4.394561107
2019-06-10T00:11:24,50.78133858,-1.317954807,258.000729,265.000729,79,4.390684121
2019-06-10T00:11:25,50.78133288,-1.317985632,258.0007666,259.0007666,74,4.390684121
2019-06-10T00:11:26,50.78132718,-1.318016458,258.0008043,254.0008043,76,4.390684121
2019-06-10T00:11:27,50.78132148,-1.318047284,258.0008419,257.0008419,73,4.390684121
2019-06-10T00:11:28,50.78131578,-1.31807811,258.0008796,279.0008796,69,4.390684121
2019-06-10T00:11:29,50.78131008,-1.318108935,258.0009172,268.0009172,67,4.390684121
2019-06-10T00:11:30,50.78130438,-1.318139761,258.0009549,237.0009549,72,4.390684121
2019-06-10T00:11:31,50.78129868,-1.318170587,258.0009925,246.0009925,71,4.390684121
2019-06-10T00:11:32,50.78129298,-1.318201413,258.0010302,237.0010302,68,4.390684121
2019-06-10T00:11:33,50.78128729,-1.318232238,258.0010678,272.0010678,65,4.390684121
2019-06-10T00:11:34,50.78128159,-1.318263064,258.0011055,231.0011055,68,4.390684121
2019-06-10T00:11:35,50.78127589,-1.31829389,258.0011431,259.0011431,63,4.390684121
2019-06-10T00:11:36,50.78127019,-1.318324716,258.0011808,234.0011808,67,4.390684121
2019-06-10T00:11:37,50.78126449,-1.318355541,258.0012184,261.0012184,62,4.390684121
2019-06-10T00:11:38,50.78125879,-1.318386367,258.0012561,270.0012561,66,4.394561107
2019-06-10T00:11:39,50.78125309,-1.318417193,258.0012937,247.0012937,64,4.390684121
2019-06-10T00:11:40,50.78124739,-1.318448019,258.0013314,278.0013314,64,4.390684121
2019-06-10T00:11:41,50.78124169,-1.318478844,258.001369,287.001369,66,4.390684121
2019-06-10T00:11:42,50.78123599,-1.31850967,258.0014066,242.0014066,66,4.394561107
2019-06-10T00:11:43,50.78123029,-1.318540496,258.0014443,258.0014443,68,4.390684121
2019-06-10T00:11:44,50.78122459,-1.318571321,258.0014819,254.0014819,68,4.390684121
2019-06-10T00:11:45,50.78121889,-1.318602147,258.0015196,257.0015196,72,4.390684121
2019-06-10T00:11:46,50.78121319,-1.318632973,258.0015572,255.0015572,68,4.390684121
2019-06-10T00:11:47,50.78120749,-1.318663799,258.0015949,280.0015949,65,4.390684121
2019-06-10T00:11:48,50.78120179,-1.318694624,258.0016325,273.0016325,60,4.390684121
2019-06-10T00:11:49,50.78119609,-1.31872545,258.0016701,253.0016701,59,4.390684121
2019-06-10T00:11:50,50.78119039,-1.318756276,258.0017078,270.0017078,60,4.390684121
2019-06-10T00:11:51,50.7811847,-1.318787102,258.0017454,265.0017454,60,4.390684121
2019-06-10T00:11:52,50.781179,-1.318817927,258.0017831,229.0017831,62,4.390684121
2019-06-10T00:11:53,50.7811733,-1.318848753,258.0018207,286.0018207,64,4.390684121
2019-06-10T00:11:54,50.7811676,-1.318879579,258.0018583,248.0018583,62,4.386803712
2019-06-10T00:11:55,50.7811619,-1.318910405,258.001896,242.001896,61,4.386803712
2019-06-10T00:11:56,50.7811562,-1.31894123,258.0019336,278.0019336,61,4.390684121
2019-06-10T00:11:57,50.7811505,-1.318972056,258.0019712,255.0019712,61,4.390684121
2019-06-10T00:11:58,50.7811448,-1.319002882,258.0020089,253.0020089,66,4.390684121
2019-06-10T00:11:59,50.7811391,-1.319033708,258.0020465,286.0020465,63,4.390684121
2019-06-10T00:12:00,50.7811334,-1.319064533,258.0020841,285.0020841,64,4.390684121
2019-06-10T00:12:01,50.7811277,-1.319095359,258.0021218,269.0021218,59,4.390684121
2019-06-10T00:12:02,50.781122,-1.319126185,258.0021594,268.0021594,64,4.390684121
2019-06-10T00:12:03,50.7811163,-1.319157011,258.002197,234.002197,66,4.390684121
2019-06-10T00:12:04,50.7811106,-1.319187836,258.0022347,259.0022347,63,4.390684121
2019-06-10T00:12:05,50.7811049,-1.319218662,258.0022723,235.0022723,62,4.390684121
2019-06-10T00:12:06,50.7810992,-1.319249488,258.0023099,268.0023099,57,4.394561107
2019-06-10T00:12:07,50.7810935,-1.319280314,258.0023475,267.0023475,57,4.390684121
2019-06-10T00:12:08,50.7810878,-1.319311139,258.0023852,246.0023852,61,4.386803712
2019-06-10T00:12:09,50.78108211,-1.319341965,258.0024228,232.0024228,66,4.386803712
2019-06-10T00:12:10,50.78107641,-1.319372791,258.0024604,287.0024604,63,4.390684121
2019-06-10T00:12:11,50.78107071,-1.319403616,258.002498,255.002498,58,4.390684121
2019-06-10T00:12:12,50.78106501,-1.319434442,258.0025357,250.0025357,56,4.390684121
2019-06-10T00:12:13,50.78105931,-1.319465268,258.0025733,249.0025733,54,4.390684121
2019-06-10T00:12:14,50.78105361,-1.319496094,258.0026109,240.0026109,49,4.390684121
2019-06-10T00:12:15,50.78104791,-1.319526919,258.0026485,267.0026485,52,4.386803712
2019-06-10T00:12:16,50.78104221,-1.319557745,258.0026862,238.0026862,49,4.390684121
2019-06-10T00:12:17,50.78103651,-1.319588571,258.0027238,257.0027238,46,4.390684121
2019-06-10T00:12:18,50.78103081,-1.319619397,258.0027614,231.0027614,49,4.390684121
2019-06-10T00:12:19,50.78102511,-1.319650222,258.002799,267.002799,51,4.390684121
2019-06-10T00:12:20,50.78101941,-1.319681048,258.0028366,257.0028366,48,4.390684121
2019-06-10T00:12:21,50.78101371,-1.319711874,258.0028743,268.0028743,52,4.390684121
2019-06-10T00:12:22,50.78100801,-1.3197427,258.0029119,280.0029119,56,4.390684121
2019-06-10T00:12:23,50.78100231,-1.319773525,258.0029495,245.0029495,59,4.390684121
2019-06-10T00:12:24,50.78099661,-1.319804351,258.0029871,235.0029871,56,4.390684121
2019-06-10T00:12:25,50.78099091,-1.319835177,258.0030247,266.0030247,60,4.390684121
2019-06-10T00:12:26,50.78098521,-1.319866003,258.0030624,287.0030624,55,4.390684121
2019-06-10T00:12:27,50.78097952,-1.319896828,258.0031,245.0031,53,4.390684121
2019-06-10T00:12:28,50.78097382,-1.319927654,258.0031376,276.0031376,53,4.390684121
2019-06-10T00:12:29,50.78096812,-1.31995848,258.0031752,263.0031752,52,4.390684121
2019-06-10T00:12:30,50.78096242,-1.319989306,258.0032128,229.0032128,55,4.390684121
2019-06-10T00:12:31,50.78095672,-1.320020131,258.0032504,247.0032504,54,4.390684121
2019-06-10T00:12:32,50.78095102,-1.320050957,258.003288,271.003288,54,4.390684121
2019-06-10T00:12:33,50.78094532,-1.320081783,258.0033257,271.0033257,54,4.390684121
2019-06-10T00:12:34,50.78093962,-1.320112609,258.0033633,238.0033633,55,4.390684121
2019-06-10T00:12:35,50.78093392,-1.320143434,258.0034009,281.0034009,59,4.390684121
2019-06-10T00:12:36,50.78092822,-1.32017426,258.0034385,264.0034385,62,4.390684121
2019-06-10T00:12:37,50.78092252,-1.320205086,258.0034761,234.0034761,62,4.390684121
2019-06-10T00:12:38,50.78091682,-1.320235911,258.0035137,282.0035137,61,4.390684121
2019-06-10T00:12:39,50.78091112,-1.320266737,258.0035513,248.0035513,60,4.390684121
2019-06-10T00:12:40,50.78090542,-1.320297563,258.0035889,257.0035889,59,4.390684121
2019-06-10T00:12:41,50.78089972,-1.320328389,258.0036265,230.0036265,56,4.386803712
2019-06-10T00:12:42,50.78089402,-1.320359214,258.0036641,253.0036641,59,4.390684121
2019-06-10T00:12:43,50.78088832,-1.32039004,258.0037017,249.0037017,56,4.390684121
2019-06-10T00:12:44,50.78088262,-1.320420866,258.0037394,240.0037394,52,4.386803712
2019-06-10T00:12:45,50.78087693,-1.320451692,258.003777,283.003777,51,4.390684121
2019-06-10T00:12:46,50.78087123,-1.320482517,258.0038146,236.0038146,50,4.394561107
2019-06-10T00:12:47,50.78086553,-1.320513343,258.0038522,273.0038522,51,4.390684121
2019-06-10T00:12:48,50.78085983,-1.320544169,258.0038898,253.0038898,47,4.390684121
2019-06-10T00:12:49,50.78085413,-1.320574995,258.0039274,280.0039274,45,4.390684121
2019-06-10T00:12:50,50.78084843,-1.32060582,258.003965,282.003965,40,4.386803712
2019-06-10T00:12:51,50.78084273,-1.320636646,258.0040026,234.0040026,44,4.390684121
2019-06-10T00:12:52,50.78083703,-1.320667472,258.0040402,270.0040402,41,4.390684121
2019-06-10T00:12:53,50.78083133,-1.320698298,258.0040778,247.0040778,40,4.390684121
2019-06-10T00:12:54,50.78082563,-1.320729123,258.0041154,266.0041154,42,4.390684121
2019-06-10T00:12:55,50.78081993,-1.320759949,258.004153,269.004153,47,4.390684121
2019-06-10T00:12:56,50.78081423,-1.320790775,258.0041906,239.0041906,49,4.390684121
2019-06-10T00:12:57,50.78080853,-1.320821601,258.0042282,258.0042282,44,4.390684121
2019-06-10T00:12:58,50.78080283,-1.320852426,258.0042658,244.0042658,41,4.390684121
2019-06-10T00:12:59,50.78079713,-1.320883252,258.0043034,269.0043034,39,4.390684121
2019-06-10T00:13:00,50.78079143,-1.320914078,258.004341,228.004341,43,4.390684121
2019-06-10T00:13:01,50.78078573,-1.320944904,258.0043786,250.0043786,42,4.390684121
2019-06-10T00:13:02,50.78078003,-1.320975729,258.0044162,244.0044162,41,4.390684121
2019-06-10T00:13:03,50.78077434,-1.321006555,258.0044537,231.0044537,43,4.390684121
2019-06-10T00:13:04,50.78076864,-1.321037381,258.0044913,284.0044913,41,4.390684121
2019-06-10T00:13:05,50.78076294,-1.321068206,258.0045289,280.0045289,43,4.390684121
2019-06-10T00:13:06,50.78075724,-1.321099032,258.0045665,255.0045665,44,4.390684121
2019-06-10T00:13:07,50.78075154,-1.321129858,258.0046041,252.0046041,43,4.390684121
2019-06-10T00:13:08,50.78074584,-1.321160684,258.0046417,288.0046417,41,4.390684121
2019-06-10T00:13:09,50.78074014,-1.321191509,258.0046793,244.0046793,45,4.390684121
2019-06-10T00:13:10,50.78073444,-1.321222335,258.0047169,246.0047169,47,4.390684121
2019-06-10T00:13:11,50.78072874,-1.321253161,258.0047545,259.0047545,42,4.390684121
2019-06-10T00:13:12,50.78072304,-1.321283987,258.0047921,256.0047921,47,4.398434675
2019-06-10T00:13:13,50.78071734,-1.321314812,258.0048297,268.0048297,46,4.394561107
2019-06-10T00:13:14,50.78071164,-1.321345638,258.0048672,246.0048672,42,4.390684121
2019-06-10T00:13:15,50.78070594,-1.321376464,258.0049048,286.0049048,47,4.390684121
2019-06-10T00:13:16,50.78070024,-1.32140729,258.0049424,228.0049424,51,4.390684121
2019-06-10T00:13:17,50.78069454,-1.321438115,258.00498,263.00498,54,4.390684121
2019-06-10T00:13:18,50.78068884,-1.321468941,258.0050176,288.0050176,59,4.390684121
2019-06-10T00:13:19,50.78068314,-1.321499767,258.0050552,245.0050552,62,4.390684121
2019-06-10T00:13:20,50.78067744,-1.321530593,258.0050927,251.0050927,66,4.390684121
2019-06-10T00:13:21,50.78067175,-1.321561418,258.0051303,232.0051303,64,4.390684121
2019-06-10T00:13:22,50.78066605,-1.321592244,258.0051679,265.0051679,60,4.390684121
2019-06-10T00:13:23,50.78066035,-1.32162307,258.0052055,274.0052055,62,4.394561107
2019-06-10T00:13:24,50.78065465,-1.321653896,258.0052431,266.0052431,63,4.394561107
2019-06-10T00:13:25,50.78064895,-1.321684721,258.0052807,277.0052807,68,4.390684121
2019-06-10T00:13:26,50.78064325,-1.321715547,258.0053182,228.0053182,64,4.390684121
2019-06-10T00:13:27,50.78063755,-1.321746373,258.0053558,265.0053558,59,4.390684121
2019-06-10T00:13:28,50.78063185,-1.321777199,258.0053934,254.0053934,63,4.390684121
2019-06-10T00:13:29,50.78062615,-1.321808024,258.005431,254.005431,64,4.390684121
2019-06-10T00:13:30,50.78062045,-1.32183885,258.0054686,249.0054686,65,4.390684121
2019-06-10T00:13:31,50.78061475,-1.321869676,258.0055061,278.0055061,60,4.386803712
2019-06-10T00:13:32,50.78060905,-1.321900501,258.0055437,254.0055437,65,4.390684121
2019-06-10T00:13:33,50.78060335,-1.321931327,258.0055813,268.0055813,65,4.390684121
2019-06-10T00:13:34,50.78059765,-1.321962153,258.0056189,229.0056189,65,4.394561107
2019-06-10T00:13:35,50.78059195,-1.321992979,258.0056564,276.0056564,60,4.386803712
2019-06-10T00:13:36,50.78058625,-1.322023804,258.005694,275.005694,58,4.390684121
2019-06-10T00:13:37,50.78058055,-1.32205463,258.0057316,286.0057316,54,4.394561107
2019-06-10T00:13:38,50.78057485,-1.322085456,258.0057692,284.0057692,58,4.390684121
2019-06-10T00:13:39,50.78056916,-1.322116282,258.0058067,282.0058067,63,4.390684121
2019-06-10T00:13:40,50.78056346,-1.322147107,258.0058443,278.0058443,58,4.390684121
2019-06-10T00:13:41,50.78055776,-1.322177933,258.0058819,231.0058819,56,4.386803712
2019-06-10T00:13:42,50.78055206,-1.322208759,258.0059194,253.0059194,59,4.390684121
2019-06-10T00:13:43,50.78054636,-1.322239585,258.005957,256.005957,62,4.390684121
2019-06-10T00:13:44,50.78054066,-1.32227041,258.0059946,243.0059946,58,4.390684121
2019-06-10T00:13:45,50.78053496,-1.322301236,258.0060321,229.0060321,54,4.386803712
2019-06-10T00:13:46,50.78052926,-1.322332062,258.0060697,237.0060697,53,4.390684121
2019-06-10T00:13:47,50.78052356,-1.322362888,258.0061073,261.0061073,48,4.390684121
2019-06-10T00:13:48,50.78051786,-1.322393713,258.0061448,275.0061448,46,4.390684121
2019-06-10T00:13:49,50.78051216,-1.322424539,258.0061824,262.0061824,41,4.390684121
2019-06-10T00:13:50,50.78050646,-1.322455365,258.00622,249.00622,45,4.390684121
2019-06-10T00:13:51,50.78050076,-1.322486191,258.0062575,281.0062575,50,4.390684121
2019-06-10T00:13:52,50.78049506,-1.322517016,258.0062951,245.0062951,47,4.390684121
2019-06-10T00:13:53,50.78048936,-1.322547842,258.0063327,245.0063327,42,4.386803712
2019-06-10T00:13:54,50.78048366,-1.322578668,258.0063702,262.0063702,41,4.390684121
2019-06-10T00:13:55,50.78047796,-1.322609494,258.0064078,234.0064078,38,4.390684121
2019-06-10T00:13:56,50.78047226,-1.322640319,258.0064454,277.0064454,41,4.390684121
2019-06-10T00:13:57,50.78046657,-1.322671145,258.0064829,256.0064829,45,4.390684121
2019-06-10T00:13:58,50.78046087,-1.322701971,258.0065205,287.0065205,47,4.398434675
2019-06-10T00:13:59,50.78045517,-1.322732796,258.006558,243.006558,42,4.390684121
2019-06-10T00:14:00,50.78044947,-1.322763622,258.0065956,257.0065956,39,4.394561107
2019-06-10T00:14:01,50.78044377,-1.322794448,258.0066332,258.0066332,44,4.390684121
2019-06-10T00:14:02,50.78043807,-1.322825274,258.0066707,282.0066707,44,4.390684121
2019-06-10T00:14:03,50.78043237,-1.322856099,258.0067083,241.0067083,41,4.390684121
2019-06-10T00:14:04,50.78042667,-1.322886925,258.0067458,273.0067458,45,4.386803712
2019-06-10T00:14:05,50.78042097,-1.322917751,258.0067834,238.0067834,49,4.390684121
2019-06-10T00:14:06,50.78041527,-1.322948577,258.0068209,273.0068209,47,4.390684121
2019-06-10T00:14:07,50.78040957,-1.322979402,258.0068585,228.0068585,44,4.386803712
2019-06-10T00:14:08,50.78040387,-1.323010228,258.006896,246.006896,49,4.382919865
2019-06-10T00:14:09,50.78039817,-1.323041054,258.0069336,269.0069336,49,4.390684121
2019-06-10T00:14:10,50.78039247,-1.32307188,258.0069712,240.0069712,53,4.390684121
2019-06-10T00:14:11,50.78038677,-1.323102705,258.0070087,261.0070087,57,4.390684121
2019-06-10T00:14:12,50.78038107,-1.323133531,258.0070463,287.0070463,60,4.390684121
2019-06-10T00:14:13,50.78037537,-1.323164357,258.0070838,283.0070838,55,4.390684121
2019-06-10T00:14:14,50.78036967,-1.323195183,258.0071214,249.0071214,57,4.390684121
2019-06-10T00:14:15,50.78036398,-1.323226008,258.0071589,242.0071589,61,4.390684121
2019-06-10T00:14:16,50.78035828,-1.323256834,258.0071965,243.0071965,63,4.390684121
2019-06-10T00:14:17,50.78035258,-1.32328766,258.007234,279.007234,63,4.390684121
2019-06-10T00:14:18,50.78034688,-1.323318486,258.0072716,231.0072716,61,4.390684121
2019-06-10T00:14:19,50.78034118,-1.323349311,258.0073091,231.0073091,56,4.390684121
2019-06-10T00:14:20,50.78033548,-1.323380137,258.0073467,231.0073467,53,4.390684121
2019-06-10T00:14:21,50.78032978,-1.323410963,258.0073842,275.0073842,49,4.398434675
2019-06-10T00:14:22,50.78032408,-1.323441789,258.0074217,286.0074217,54,4.390684121
2019-06-10T00:14:23,50.78031838,-1.323472614,258.0074593,255.0074593,58,4.390684121
2019-06-10T00:14:24,50.78031268,-1.32350344,258.0074968,244.0074968,61,4.390684121
2019-06-10T00:14:25,50.78030698,-1.323534266,258.0075344,239.0075344,62,4.390684121
2019-06-10T00:14:26,50.78030128,-1.323565091,258.0075719,249.0075719,63,4.390684121
2019-06-10T00:14:27,50.78029558,-1.323595917,258.0076095,252.0076095,59,4.390684121
2019-06-10T00:14:28,50.78028988,-1.323626743,258.007647,279.007647,60,4.390684121
2019-06-10T00:14:29,50.78028418,-1.323657569,258.0076845,280.0076845,64,4.394561107
2019-06-10T00:14:30,50.78027848,-1.323688394,258.0077221,275.0077221,62,4.390684121
2019-06-10T00:14:31,50.78027278,-1.32371922,258.0077596,254.0077596,57,4.390684121
2019-06-10T00:14:32,50.78026708,-1.323750046,258.0077972,234.0077972,55,4.390684121
2019-06-10T00:14:33,50.78026139,-1.323780872,258.0078347,243.0078347,53,4.390684121
2019-06-10T00:14:34,50.78025569,-1.323811697,258.0078722,278.0078722,51,4.390684121
2019-06-10T00:14:35,50.78024999,-1.323842523,258.0079098,251.0079098,50,4.390684121
2019-06-10T00:14:36,50.78024429,-1.323873349,258.0079473,261.0079473,50,4.390684121
2019-06-10T00:14:37,50.78023859,-1.323904175,258.0079849,264.0079849,48,4.390684121
2019-06-10T00:14:38,50.78023289,-1.323935,258.0080224,261.0080224,51,4.390684121
2019-06-10T00:14:39,50.78022719,-1.323965826,258.0080599,252.0080599,53,4.390684121
2019-06-10T00:14:40,50.78022149,-1.323996652,258.0080975,237.0080975,58,4.390684121
2019-06-10T00:14:41,50.78021579,-1.324027478,258.008135,274.008135,54,4.390684121
2019-06-10T00:14:42,50.78021009,-1.324058303,258.0081725,251.0081725,57,4.390684121
2019-06-10T00:14:43,50.78020439,-1.324089129,258.0082101,276.0082101,53,4.390684121
2019-06-10T00:14:44,50.78019869,-1.324119955,258.0082476,272.0082476,57,4.394561107
2019-06-10T00:14:45,50.78019299,-1.324150781,258.0082851,228.0082851,62,4.394561107
2019-06-10T00:14:46,50.78018729,-1.324181606,258.0083227,243.0083227,59,4.390684121
2019-06-10T00:14:47,50.78018159,-1.324212432,258.0083602,258.0083602,54,4.390684121
2019-06-10T00:14:48,50.78017589,-1.324243258,258.0083977,233.0083977,53,4.390684121
2019-06-10T00:14:49,50.78017019,-1.324274084,258.0084353,240.0084353,51,4.390684121
2019-06-10T00:14:50,50.78016449,-1.324304909,258.0084728,250.0084728,49,4.390684121
2019-06-10T00:14:51,50.7801588,-1.324335735,258.0085103,262.0085103,52,4.390684121
2019-06-10T00:14:52,50.7801531,-1.324366561,258.0085478,257.0085478,55,4.390684121
2019-06-10T00:14:53,50.7801474,-1.324397386,258.0085854,236.0085854,56,4.390684121
2019-06-10T00:14:54,50.7801417,-1.324428212,258.0086229,242.0086229,55,4.386803712
2019-06-10T00:14:55,50.780136,-1.324459038,258.0086604,276.0086604,59,4.390684121
2019-06-10T00:14:56,50.7801303,-1.324489864,258.0086979,228.0086979,59,4.390684121
2019-06-10T00:14:57,50.7801246,-1.324520689,258.0087355,250.0087355,61,4.394561107
2019-06-10T00:14:58,50.7801189,-1.324551515,258.008773,241.008773,58,4.390684121
2019-06-10T00:14:59,50.7801132,-1.324582341,258.0088105,231.0088105,58,4.394561107
2019-06-10T00:15:00,50.7801075,-1.324613167,258.008848,263.008848,56,4.390684121